<?xml version="1.0" encoding="utf-8"?>

<soap:Envelope xmlns:soap="http://www.w3.org/2003/05/soap-envelope" xmlns:v1="http://www.iisigroup.com/magiclamp/common/soapenv.xsd/v1" xmlns:v11="http://www.nextbank.com.tw/xsd/TW/DebitCard/DbCardTxnDtlsInqRs/v1">  
  <soap:Header> 
    <v1:Header v1:mustUnderstand="true"> 
      <ChannelID>ESB</ChannelID>  
      <ServiceDomain>DebitCard</ServiceDomain>  
      <OperationName>DbCardTxnDtlsInq</OperationName>  
      <ConsumerID>TWESB</ConsumerID>  
      <TransactionID>T1222222</TransactionID>  
      <RqTimestamp>2015-12-06T12:01:01.00+08:00</RqTimestamp>  
      <!--Optional:-->  
      <RsTimestamp>2015-12-06T12:01:10.00+08:00</RsTimestamp> 
    </v1:Header> 
  </soap:Header>  
  <soap:Body> 
    <v11:DbCardTxnDtlsInqRs> 
      <v11:ServiceHeader> 
        <v11:TxnId>DC01</v11:TxnId>  
        <v11:TxnNo>DC0100001</v11:TxnNo> 
      </v11:ServiceHeader>  
      <v11:Signon> 
        <v11:CustId>ESBUSER</v11:CustId> 
      </v11:Signon>  
      <v11:ServiceBody> 
        <v11:RtrnCode>00</v11:RtrnCode>  
        <!--Optional:-->  
        <v11:RtrnDesc>200{00}</v11:RtrnDesc>  
        <!--Zero or more repetitions:-->  
        <v11:CardTxnRec> 
          <v11:CustPermId>T320916197</v11:CustPermId>  
          <!--Optional:-->  
          <v11:LockSeqId>1600030101</v11:LockSeqId>  
          <v11:TxnDate>20141121</v11:TxnDate>  
          <v11:PostDate>20160617</v11:PostDate>  
          <v11:Desc>大潤發</v11:Desc>  
          <v11:Amt>1199.0</v11:Amt>  
          <v11:CardNo>5412340000289939</v11:CardNo>  
          <!--Optional:-->  
          <v11:CardAtt>0</v11:CardAtt>  
          <v11:CustChnName>王小明</v11:CustChnName>  
          <!--Optional:-->  
          <v11:CntryCode>TW</v11:CntryCode>  
          <!--Optional:-->  
          <v11:CntryCodeName>TW</v11:CntryCodeName>  
          <v11:CntryAmt>1199.0</v11:CntryAmt>  
          <v11:CntryAmtCcy>TWD</v11:CntryAmtCcy>  
          <!--Optional:-->  
          <v11:XchagDate>20141123</v11:XchagDate>  
          <!--Optional:-->  
          <v11:TxnType>05</v11:TxnType>  
          <!--Optional:-->  
          <v11:TxnTypeName>消費</v11:TxnTypeName>  
          <!--Optional:-->  
          <v11:AuthCode>016290</v11:AuthCode>  
          <!--Optional:-->  
          <v11:MrchCode>7311</v11:MrchCode>  
          <!--Optional:-->  
          <v11:InstlmtCond>N</v11:InstlmtCond>  
          <!--Optional:-->  
          <v11:InstlmtRsltCode>4160</v11:InstlmtRsltCode>  
          <!--Optional:-->  
          <v11:InstlmtRsltMsg>結果訊息</v11:InstlmtRsltMsg>  
          <!--Optional:-->  
          <v11:LoanBal>0</v11:LoanBal>  
          <!--Optional:-->  
          <v11:InstlmtFlg>N</v11:InstlmtFlg>  
          <!--Optional:-->  
          <v11:PrcDate>20161117</v11:PrcDate> 
        </v11:CardTxnRec>  
        <!--Optional:-->  
        <v11:ControlRec> 
          <v11:CurPage>1</v11:CurPage>  
          <v11:NoOfCurPage>1</v11:NoOfCurPage>  
          <v11:TtlPageNo>1</v11:TtlPageNo>  
          <v11:NoOfRec>1</v11:NoOfRec> 
        </v11:ControlRec> 
      </v11:ServiceBody> 
    </v11:DbCardTxnDtlsInqRs> 
  </soap:Body> 
</soap:Envelope>
