<?xml version="1.0" encoding="utf-8"?>

<soap:Envelope xmlns:soap="http://www.w3.org/2003/05/soap-envelope" xmlns:v1="http://www.iisigroup.com/magiclamp/common/soapenv.xsd/v1" xmlns:v11="http://https://www.nextbank.com.tw//xsd/TW/DebitCard/DbCardFnctInqRs/v1">  
  <soap:Header> 
    <v1:Header v1:mustUnderstand="true"> 
      <ChannelID>ESB</ChannelID>  
      <ServiceDomain>DebitCard</ServiceDomain>  
      <OperationName>DbCardFnctInq</OperationName>  
      <ConsumerID>TWESB</ConsumerID>  
      <TransactionID>T1222222</TransactionID>  
      <RqTimestamp>2015-12-06T12:01:01.00+08:00</RqTimestamp>  
      <!--Optional:-->  
      <RsTimestamp>2015-12-06T12:01:10.00+08:00</RsTimestamp> 
    </v1:Header> 
  </soap:Header>  
  <soap:Body> 
    <v11:DbCardFnctInqRs> 
      <v11:ServiceHeader> 
        <v11:TxnId>DC02</v11:TxnId>  
        <v11:TxnNo>DC0200001</v11:TxnNo> 
      </v11:ServiceHeader>  
      <v11:Signon> 
        <v11:CustId>ESBUSER</v11:CustId> 
      </v11:Signon>  
      <v11:ServiceBody> 
        <v11:RtrnCode>00</v11:RtrnCode>  
        <!--Zero or more repetitions:-->  
        <v11:CardBlkRec> 
          <v11:CardNo>4563020616112800</v11:CardNo>  
          <v11:CardName>馬爾濟斯</v11:CardName>  
          <v11:CustPermId>K221222991</v11:CustPermId>  
          <v11:CardType>0</v11:CardType>  
          <v11:CardAtt>V1</v11:CardAtt>  
          <v11:RelnCode>1</v11:RelnCode>  
          <v11:ExpYearMnth>0116</v11:ExpYearMnth>  
          <v11:CntlrId>joe</v11:CntlrId>  
          <v11:Memo>客服人員異動註記說明</v11:Memo> 
        </v11:CardBlkRec>  
        <!--Optional:-->  
        <v11:ControlRec> 
          <v11:CurPage>1</v11:CurPage>  
          <v11:NoOfCurPage>1</v11:NoOfCurPage>  
          <v11:TtlPageNo>1</v11:TtlPageNo>  
          <v11:NoOfRec>1</v11:NoOfRec> 
        </v11:ControlRec> 
      </v11:ServiceBody> 
    </v11:DbCardFnctInqRs> 
  </soap:Body> 
</soap:Envelope>
