<?xml version="1.0" encoding="utf-8"?>

<soap:Envelope xmlns:soap="http://www.w3.org/2003/05/soap-envelope" xmlns:v1="http://www.iisigroup.com/magiclamp/common/soapenv.xsd/v1" xmlns:v11="http://https://www.nextbank.com.tw//xsd/TW/DebitCard/DbCardLmtInqRs/v1">  
  <soap:Header> 
    <v1:Header v1:mustUnderstand="true"> 
      <ChannelID>ESB</ChannelID>  
      <ServiceDomain>DebitCard</ServiceDomain>  
      <OperationName>DbCardLmtInq</OperationName>  
      <ConsumerID>TWESB</ConsumerID>  
      <TransactionID>T1222222</TransactionID>  
      <RqTimestamp>2015-12-06T12:01:01.00+08:00</RqTimestamp>  
      <!--Optional:-->  
      <RsTimestamp>2015-12-06T12:01:10.00+08:00</RsTimestamp> 
    </v1:Header> 
  </soap:Header>  
  <soap:Body> 
    <v11:DbCardLmtInqRs> 
      <v11:ServiceHeader> 
        <v11:TxnId>DC04</v11:TxnId>  
        <v11:TxnNo>DC0400001</v11:TxnNo> 
      </v11:ServiceHeader>  
      <v11:Signon> 
        <v11:CustId>ESBUSER</v11:CustId> 
      </v11:Signon>  
      <v11:ServiceBody> 
        <v11:RtrnCode>00</v11:RtrnCode>  
        <!--Zero or more repetitions:-->  
        <v11:CardLmtRec> 
          <v11:CardNo>5211958800000591</v11:CardNo>  
          <v11:DbAcctNo>01000001982300</v11:DbAcctNo>  
          <v11:CustPermId>B169222431</v11:CustPermId>  
          <v11:CardType>0</v11:CardType>  
          <v11:DayLmt>100000.0</v11:DayLmt>  
          <v11:MnthLmt>99999999.0</v11:MnthLmt>  
          <v11:TempDDLmt>50000.0</v11:TempDDLmt>  
          <v11:DDLmtCcy>TWD</v11:DDLmtCcy>  
          <v11:StartTempDDLmtDate>20180201</v11:StartTempDDLmtDate>  
          <v11:EndTempDDLmtDate>20180220</v11:EndTempDDLmtDate>  
          <v11:TempMMLmt>1000000.0</v11:TempMMLmt>  
          <v11:MMLmtCcy>TWD</v11:MMLmtCcy>  
          <v11:StartTempMMLmtDate>20180201</v11:StartTempMMLmtDate>  
          <v11:EndTempMMLmtDate>20180228</v11:EndTempMMLmtDate>  
          <v11:UpdDate>20180125</v11:UpdDate>  
          <v11:UpdTime>093800</v11:UpdTime>  
          <v11:UpdtUserId>1547</v11:UpdtUserId>  
          <v11:SrcCode>TWCCS</v11:SrcCode>  
          <v11:AccumDayLmt>0.0</v11:AccumDayLmt>  
          <v11:AccumMnthLmt>0.0</v11:AccumMnthLmt>  
          <v11:AvailDayLmt>100000.0</v11:AvailDayLmt>  
          <v11:AvailMnthLmt>99999999.0</v11:AvailMnthLmt> 
        </v11:CardLmtRec>  
        <!--Optional:-->  
        <v11:ControlRec> 
          <v11:CurPage>1</v11:CurPage>  
          <v11:NoOfCurPage>1</v11:NoOfCurPage>  
          <v11:TtlPageNo>1</v11:TtlPageNo>  
          <v11:NoOfRec>1</v11:NoOfRec> 
        </v11:ControlRec> 
      </v11:ServiceBody> 
    </v11:DbCardLmtInqRs> 
  </soap:Body> 
</soap:Envelope>
