<?xml version="1.0" encoding="utf-8"?>

<soap:Envelope xmlns:soap="http://www.w3.org/2003/05/soap-envelope" xmlns:v1="http://www.iisigroup.com/magiclamp/common/soapenv.xsd/v1" xmlns:v11="http://https://www.nextbank.com.tw//xsd/TW/DebitCard/DbCardInstlmtInqRs/v1">  
  <soap:Header> 
    <v1:Header v1:mustUnderstand="true"> 
      <ChannelID>ESB</ChannelID>  
      <ServiceDomain>DebitCard</ServiceDomain>  
      <OperationName>DbCardInstlmtInq</OperationName>  
      <ConsumerID>TWESB</ConsumerID>  
      <TransactionID>T1222222</TransactionID>  
      <RqTimestamp>2015-12-06T12:01:01.00+08:00</RqTimestamp>  
      <!--Optional:-->  
      <RsTimestamp>2015-12-06T12:01:10.00+08:00</RsTimestamp> 
    </v1:Header> 
  </soap:Header>  
  <soap:Body> 
    <v11:DbCardInstlmtInqRs> 
      <v11:ServiceHeader> 
        <v11:TxnId>DC07</v11:TxnId>  
        <v11:TxnNo>DC0700001</v11:TxnNo> 
      </v11:ServiceHeader>  
      <v11:Signon> 
        <v11:CustId>ESBUSER</v11:CustId> 
      </v11:Signon>  
      <v11:ServiceBody> 
        <v11:RtrnCode>00</v11:RtrnCode>  
        <!--Zero or more repetitions:-->  
        <v11:CardLmtRec> 
          <v11:DbAcctNo>01000001982300</v11:DbAcctNo>  
          <v11:CustPermId>B169222431</v11:CustPermId>  
          <v11:DayLmt>100000.0</v11:DayLmt>  
          <v11:MnthLmt>99999999.0</v11:MnthLmt>  
          <v11:TempLmt>100.0</v11:TempLmt>  
          <v11:StartTempLmtDate>20180201</v11:StartTempLmtDate>  
          <v11:EndTempLmtDate>20180228</v11:EndTempLmtDate>  
          <v11:CfgDate>20180125</v11:CfgDate>  
          <v11:CfgTime>230900</v11:CfgTime>  
          <v11:CfgUserId>1547</v11:CfgUserId> 
        </v11:CardLmtRec>  
        <!--Optional:-->  
        <v11:ControlRec> 
          <v11:CurPage>1</v11:CurPage>  
          <v11:NoOfCurPage>1</v11:NoOfCurPage>  
          <v11:TtlPageNo>1</v11:TtlPageNo>  
          <v11:NoOfRec>1</v11:NoOfRec> 
        </v11:ControlRec> 
      </v11:ServiceBody> 
    </v11:DbCardInstlmtInqRs> 
  </soap:Body> 
</soap:Envelope>
