<?xml version="1.0" encoding="utf-8"?>

<soap:Envelope xmlns:soap="http://www.w3.org/2003/05/soap-envelope" xmlns:v1="http://www.iisigroup.com/magiclamp/common/soapenv.xsd/v1" xmlns:v11="http://https://www.nextbank.com.tw//xsd/TW/DebitCard/CardCIFInfoInqRs/v1">  
  <soap:Header> 
    <v1:Header v1:mustUnderstand="true"> 
      <ChannelID>ESB</ChannelID>  
      <ServiceDomain>DebitCard</ServiceDomain>  
      <OperationName>CardCIFInfoInq</OperationName>  
      <ConsumerID>TWESB</ConsumerID>  
      <TransactionID>T1222222</TransactionID>  
      <RqTimestamp>2015-12-06T12:01:01.00+08:00</RqTimestamp>  
      <!--Optional:-->  
      <RsTimestamp>2015-12-06T12:01:10.00+08:00</RsTimestamp> 
    </v1:Header> 
  </soap:Header>  
  <soap:Body> 
    <v11:CardCIFInfoInqRs> 
      <v11:ServiceHeader> 
        <v11:TxnId>DC12</v11:TxnId>  
        <v11:TxnNo>DC1200001</v11:TxnNo> 
      </v11:ServiceHeader>  
      <v11:Signon> 
        <v11:CustId>ESBUSER</v11:CustId> 
      </v11:Signon>  
      <v11:ServiceBody> 
        <v11:RtrnCode>00</v11:RtrnCode>  
        <!--Zero or more repetitions:-->  
        <v11:CustProfInfo> 
          <v11:CardNo>4312340000147145</v11:CardNo>  
          <v11:CardAtt>0</v11:CardAtt>  
          <v11:CIFNo>8989100004</v11:CIFNo>  
          <v11:SMSFlg>Y</v11:SMSFlg>  
          <v11:eMailFlg>Y</v11:eMailFlg>  
          <v11:PushAppFlg>Y</v11:PushAppFlg>  
          <v11:SMSAmt>1230</v11:SMSAmt>  
          <v11:AmtCcy>TWD</v11:AmtCcy>  
          <v11:CashFlg>N</v11:CashFlg>  
          <v11:SmartPayFlg>N</v11:SmartPayFlg>  
          <v11:HCEFlg>N</v11:HCEFlg>  
          <v11:SMSMinAmt>0.0</v11:SMSMinAmt>  
          <v11:RelnCode>1</v11:RelnCode> 
        </v11:CustProfInfo>  
        <!--Optional:-->  
        <v11:ControlRec> 
          <v11:CurPage>1</v11:CurPage>  
          <v11:NoOfCurPage>1</v11:NoOfCurPage>  
          <v11:TtlPageNo>1</v11:TtlPageNo>  
          <v11:NoOfRec>1</v11:NoOfRec> 
        </v11:ControlRec> 
      </v11:ServiceBody> 
    </v11:CardCIFInfoInqRs> 
  </soap:Body> 
</soap:Envelope>
