<?xml version="1.0" encoding="utf-8"?>

<soap:Envelope xmlns:soap="http://www.w3.org/2003/05/soap-envelope" xmlns:v1="http://www.iisigroup.com/magiclamp/common/soapenv.xsd/v1" xmlns:v11="http://www.nextbank.com.tw/xsd/TW/DebitCard/DbCardResndAppntInqRs/v1">  
  <soap:Header> 
    <v1:Header v1:mustUnderstand="true"> 
      <ChannelID>ESB</ChannelID>  
      <ServiceDomain>DebitCard</ServiceDomain>  
      <OperationName>DbCardResndAppntInq</OperationName>  
      <ConsumerID>TWESB</ConsumerID>  
      <TransactionID>T1222222</TransactionID>  
      <RqTimestamp>2015-12-06T12:01:01.00+08:00</RqTimestamp>  
      <!--Optional:-->  
      <RsTimestamp>2015-12-06T12:01:10.00+08:00</RsTimestamp> 
    </v1:Header> 
  </soap:Header>  
  <soap:Body> 
    <v11:DbCardResndAppntInqRs> 
      <v11:ServiceHeader> 
        <v11:TxnId>DC17</v11:TxnId>  
        <v11:TxnNo>DC1700001</v11:TxnNo> 
      </v11:ServiceHeader>  
      <v11:Signon> 
        <v11:CustId>ESBUSER</v11:CustId> 
      </v11:Signon>  
      <v11:ServiceBody> 
        <v11:RtrnCode>00</v11:RtrnCode>  
        <!--Optional:-->  
        <v11:RtrnDesc>200{00}</v11:RtrnDesc>  
        <!--Zero or more repetitions:-->  
        <v11:CardNoRec> 
          <v11:CardNo>4563020616112800</v11:CardNo>  
          <v11:CustChnName>王小明</v11:CustChnName>  
          <v11:NewEndDate>20010101</v11:NewEndDate>  
          <v11:ToCMSFlg>Y</v11:ToCMSFlg> 
        </v11:CardNoRec>  
        <!--Optional:-->  
        <v11:ControlRec> 
          <!--Optional:-->  
          <v11:CurPage>1</v11:CurPage>  
          <!--Optional:-->  
          <v11:NoOfCurPage>1</v11:NoOfCurPage>  
          <!--Optional:-->  
          <v11:TtlPageNo>1</v11:TtlPageNo>  
          <!--Optional:-->  
          <v11:NoOfRec>1</v11:NoOfRec> 
        </v11:ControlRec> 
      </v11:ServiceBody> 
    </v11:DbCardResndAppntInqRs> 
  </soap:Body> 
</soap:Envelope>
