<?xml version="1.0" encoding="utf-8"?>

<soap:Envelope xmlns:soap="http://www.w3.org/2003/05/soap-envelope" xmlns:v1="http://www.iisigroup.com/magiclamp/common/soapenv.xsd/v1" xmlns:v11="http://www.nextbank.com.tw/xsd/TW/DebitCard/TxnAcidntInqRs/v1">  
  <soap:Header> 
    <v1:Header v1:mustUnderstand="true"> 
      <ChannelID>ESB</ChannelID>  
      <ServiceDomain>DebitCard</ServiceDomain>  
      <OperationName>TxnAcidntInq</OperationName>  
      <ConsumerID>TWESB</ConsumerID>  
      <TransactionID>T1222222</TransactionID>  
      <RqTimestamp>2015-12-06T12:01:01.00+08:00</RqTimestamp>  
      <!--Optional:-->  
      <RsTimestamp>2015-12-06T12:01:10.00+08:00</RsTimestamp> 
    </v1:Header> 
  </soap:Header>  
  <soap:Body> 
    <v11:TxnAcidntInqRs> 
      <v11:ServiceHeader> 
        <v11:TxnId>DC21</v11:TxnId>  
        <v11:TxnNo>DC2100001</v11:TxnNo> 
      </v11:ServiceHeader>  
      <v11:Signon> 
        <v11:CustId>ESBUSER</v11:CustId> 
      </v11:Signon>  
      <v11:ServiceBody> 
        <v11:RtrnCode>00</v11:RtrnCode>  
        <!--Optional:-->  
        <v11:RtrnDesc>200{00}</v11:RtrnDesc>  
        <!--Zero or more repetitions:-->  
        <v11:CardNoRec> 
          <v11:BillNo>1000000001</v11:BillNo>  
          <v11:PostDate>20160501</v11:PostDate>  
          <v11:TxnDate>20160501</v11:TxnDate>  
          <v11:CardNo>STR</v11:CardNo>  
          <v11:OrigAmt>12.0</v11:OrigAmt>  
          <v11:TWDAmt>12.0</v11:TWDAmt>  
          <v11:MrchName>STR</v11:MrchName>  
          <v11:MrchCity>STR</v11:MrchCity>  
          <v11:AuthKey>STR</v11:AuthKey>  
          <v11:TxnCode>STR</v11:TxnCode>  
          <v11:RiskType>STR</v11:RiskType>  
          <v11:CntlrNo>STR</v11:CntlrNo>  
          <v11:XbrdrOrgType>STR</v11:XbrdrOrgType>  
          <v11:LockSeqNo>STR</v11:LockSeqNo>  
          <!--Optional:-->  
          <v11:PrbTxnAddDate>20160501</v11:PrbTxnAddDate>  
          <!--Optional:-->  
          <v11:PrbTxnAddCntlDate>20160501</v11:PrbTxnAddCntlDate>  
          <!--Optional:-->  
          <v11:PrbTxnClsDate>20160501</v11:PrbTxnClsDate>  
          <!--Optional:-->  
          <v11:PrbTxnClsCntlDate>20160501</v11:PrbTxnClsCntlDate>  
          <!--Optional:-->  
          <v11:RctLastRtrnDate>20160501</v11:RctLastRtrnDate>  
          <!--Optional:-->  
          <v11:RctRcvDate>20160501</v11:RctRcvDate>  
          <!--Optional:-->  
          <v11:RctSendDate>20160501</v11:RctSendDate>  
          <!--Optional:-->  
          <v11:RctRjctDate>20160501</v11:RctRjctDate>  
          <!--Optional:-->  
          <v11:RtrvlReqAddDate>20160501</v11:RtrvlReqAddDate>  
          <!--Optional:-->  
          <v11:RtrvlReqClsDate>20160501</v11:RtrvlReqClsDate>  
          <!--Optional:-->  
          <v11:DbClsAddDate>20160501</v11:DbClsAddDate>  
          <!--Optional:-->  
          <v11:FrstDbExpDate>20160501</v11:FrstDbExpDate>  
          <!--Optional:-->  
          <v11:FrstDbSendDate>20160501</v11:FrstDbSendDate>  
          <!--Optional:-->  
          <v11:FrstDbAddDate>20160501</v11:FrstDbAddDate>  
          <!--Optional:-->  
          <v11:FrstDbDsbrAddDate>20160501</v11:FrstDbDsbrAddDate>  
          <!--Optional:-->  
          <v11:PrmptSentDate>20160501</v11:PrmptSentDate>  
          <!--Optional:-->  
          <v11:PrmptExpDate>20160501</v11:PrmptExpDate>  
          <!--Optional:-->  
          <v11:PrmptAddDate>20160501</v11:PrmptAddDate>  
          <!--Optional:-->  
          <v11:ScndDbExpDate>20160501</v11:ScndDbExpDate>  
          <!--Optional:-->  
          <v11:ScndDbSendDate>20160501</v11:ScndDbSendDate>  
          <!--Optional:-->  
          <v11:ScndDbAddDate>20160501</v11:ScndDbAddDate>  
          <!--Optional:-->  
          <v11:ScndDbDsbrDate>20160501</v11:ScndDbDsbrDate>  
          <!--Optional:-->  
          <v11:PreArbitDate>20160501</v11:PreArbitDate>  
          <!--Optional:-->  
          <v11:PreArbitExpDate>20160501</v11:PreArbitExpDate>  
          <!--Optional:-->  
          <v11:PreArbitAddDate>20160501</v11:PreArbitAddDate>  
          <!--Optional:-->  
          <v11:ArbitDate>20160501</v11:ArbitDate>  
          <!--Optional:-->  
          <v11:ArbitExpDate>20160501</v11:ArbitExpDate>  
          <!--Optional:-->  
          <v11:ArbitAddDate>20160501</v11:ArbitAddDate> 
        </v11:CardNoRec>  
        <!--Optional:-->  
        <v11:ControlRec> 
          <!--Optional:-->  
          <v11:CurPage>1</v11:CurPage>  
          <!--Optional:-->  
          <v11:NoOfCurPage>1</v11:NoOfCurPage>  
          <!--Optional:-->  
          <v11:TtlPageNo>1</v11:TtlPageNo>  
          <!--Optional:-->  
          <v11:NoOfRec>1</v11:NoOfRec> 
        </v11:ControlRec> 
      </v11:ServiceBody> 
    </v11:TxnAcidntInqRs> 
  </soap:Body> 
</soap:Envelope>
