<?xml version="1.0" encoding="utf-8"?>

<soap:Envelope xmlns:soap="http://www.w3.org/2003/05/soap-envelope" xmlns:v1="http://www.iisigroup.com/magiclamp/common/soapenv.xsd/v1" xmlns:v11="http://www.nextbank.com.tw/xsd/TW/DebitCard/DbCardTxnAcidntDtlsInqRq/v1">  
  <soap:Header> 
    <v1:Header v1:mustUnderstand="true"> 
      <ChannelID>ESB</ChannelID>  
      <ServiceDomain>DebitCard</ServiceDomain>  
      <OperationName>DbCardTxnAcidntDtlsInq</OperationName>  
      <ConsumerID>TWESB</ConsumerID>  
      <TransactionID>T1222222</TransactionID>  
      <RqTimestamp>2015-12-06T12:01:01.00+08:00</RqTimestamp> 
    </v1:Header> 
  </soap:Header>  
  <soap:Body> 
    <v11:DbCardTxnAcidntDtlsInqRq> 
      <v11:ServiceHeader> 
        <v11:TxnId>DC26</v11:TxnId>  
        <v11:TxnNo>DC2600001</v11:TxnNo> 
      </v11:ServiceHeader>  
      <v11:Signon> 
        <v11:CustId>ESBUSER</v11:CustId> 
      </v11:Signon>  
      <v11:ServiceBody> 
        <v11:InqPageNo>1</v11:InqPageNo>  
        <v11:NoOfPage>10</v11:NoOfPage>  
        <v11:CardNo>4563020616112800</v11:CardNo>  
        <!--Optional:-->  
        <v11:StartTxnDate>20160501</v11:StartTxnDate>  
        <!--Optional:-->  
        <v11:EndTxnDate>20160530</v11:EndTxnDate> 
      </v11:ServiceBody> 
    </v11:DbCardTxnAcidntDtlsInqRq> 
  </soap:Body> 
</soap:Envelope>
