<?xml version="1.0" encoding="utf-8"?>

<soap:Envelope xmlns:soap="http://www.w3.org/2003/05/soap-envelope" xmlns:v1="http://www.iisigroup.com/magiclamp/common/soapenv.xsd/v1" xmlns:v11="http://www.nextbank.com.tw/xsd/TW/CurrentAccount/AcctClsInqRs/v1">  
  <soap:Header> 
    <v1:Header v1:mustUnderstand="true"> 
      <ChannelID>ESB</ChannelID>  
      <ServiceDomain>CurrentAccount</ServiceDomain>  
      <OperationName>AcctClsInq</OperationName>  
      <ConsumerID>TWESB</ConsumerID>  
      <TransactionID>T1222222</TransactionID>  
      <RqTimestamp>2015-12-06T12:01:01.00+08:00</RqTimestamp>  
      <!--Optional:-->  
      <RsTimestamp>2015-12-06T12:01:10.00+08:00</RsTimestamp> 
    </v1:Header> 
  </soap:Header>  
  <soap:Body> 
    <v11:AcctClsInqRs> 
      <v11:ServiceHeader> 
        <v11:TxnId>CA04</v11:TxnId>  
        <v11:TxnNo>CA0400001</v11:TxnNo> 
      </v11:ServiceHeader>  
      <v11:Signon> 
        <v11:CustId>ESBUSER</v11:CustId> 
      </v11:Signon>  
      <v11:ServiceBody> 
        <!--1 or more repetitions:-->  
        <v11:RtrnStatCode> 
          <v11:RtrnCode>200</v11:RtrnCode>  
          <!--Optional:-->  
          <v11:RtrnDesc>200{200}</v11:RtrnDesc> 
        </v11:RtrnStatCode>  
        <!--Optional:-->  
        <v11:PageInfo> 
          <!--Optional:-->  
          <v11:PageSize>10</v11:PageSize>  
          <!--Optional:-->  
          <v11:PageStart>0</v11:PageStart>  
          <!--Optional:-->  
          <v11:NoOfRec>99</v11:NoOfRec>  
          <!--Optional:-->  
          <v11:PageToken>201912038845528443.01</v11:PageToken> 
        </v11:PageInfo>  
        <!--Optional:-->  
        <v11:Audit></v11:Audit>  
        <!--Zero or more repetitions:-->  
        <v11:CustInfo> 
          <v11:CustPermId>S123456789</v11:CustPermId>  
          <v11:AcctNo>88660000000006</v11:AcctNo>  
          <v11:ArrngId>AA19337C91GX</v11:ArrngId> 
        </v11:CustInfo> 
      </v11:ServiceBody> 
    </v11:AcctClsInqRs> 
  </soap:Body> 
</soap:Envelope>
