{
  "amheader" : {
    "ChannelID" : "ESB",
    "ServiceDomain" : "PaymentOrder",
    "OperationName" : "FundXferRevAdd",
    "ConsumerID" : "TWESB",
    "TransactionID" : "T1222222",
    "RqTimestamp" : "2015-12-06T12:01:01.00+08:00",
    "RsTimestamp" : "2015-12-06T12:01:10.00+08:00"
  },
  "ambody" : {
    "FundXferRevAddRs" : {
      "ServiceHeader" : {
        "TxnId" : "PO09",
        "TxnNo" : "PO0900001"
      },
      "Signon" : {
        "CustId" : "ESBUSER"
      },
      "ServiceBody" : {
        "RtrnStatCode" : [ {
          "RtrnCode" : "200",
          "RtrnDesc" : "200{success}"
        } ],
        "HeaderInfo" : {
          "Id" : "STR"
        },
        "FundXferRevAddInfo" : {
          "TxnType" : "AC00",
          "DbAcctNo" : "23939889",
          "CrAcctNo" : "28825252",
          "CrCcy" : "TWD",
          "CrAmt" : 3500,
          "Chan" : "CCS"
        }
      }
    }
  }
}
