{
  "amheader" : {
    "ChannelID" : "ESB",
    "ServiceDomain" : "PaymentOrder",
    "OperationName" : "FundXferRevAdd",
    "ConsumerID" : "TWESB",
    "TransactionID" : "T1222222",
    "RqTimestamp" : "2015-12-06T12:01:01.00+08:00"
  },
  "ambody" : {
    "FundXferRevAddRq" : {
      "ServiceHeader" : {
        "TxnId" : "PO09",
        "TxnNo" : "PO0900001"
      },
      "Signon" : {
        "CustId" : "ESBUSER"
      },
      "ServiceBody" : {
        "ValidateOnly" : false,
        "Payload" : {
          "Id" : "STR",
          "TxnType" : "AC01",
          "DbAcctNo" : "23939889",
          "CrAcctNo" : "28825252",
          "CrCcy" : "TWD",
          "CrAmt" : 3500
        }
      }
    }
  }
}
