{
  "amheader" : {
    "ChannelID" : "ESB",
    "ServiceDomain" : "CardAuthorization",
    "OperationName" : "MagStrpVrfy",
    "ConsumerID" : "TWESB",
    "TransactionID" : "T1222222",
    "RqTimestamp" : "2015-12-06T12:01:01.00+08:00"
  },
  "ambody" : {
    "MagStrpVrfyRq" : {
      "ServiceHeader" : {
        "TxnId" : "CD01",
        "TxnNo" : "CD0100001"
      },
      "Signon" : {
        "CustId" : "ESBUSER"
      },
      "ServiceBody" : {
        "CardNo" : "4000123456789010",
        "PinBlk" : "7A7BFCC4E3B1B461",
        "TxnType" : "1",
        "VrfyType" : "0"
      }
    }
  }
}
