{
  "amheader" : {
    "ChannelID" : "ESB",
    "ServiceDomain" : "eStatement",
    "OperationName" : "eStmtDtlsInq",
    "ConsumerID" : "TWESB",
    "TransactionID" : "T1222222",
    "RqTimestamp" : "2015-12-06T12:01:01.00+08:00"
  },
  "ambody" : {
    "eStmtDtlsInqRq" : {
      "ServiceHeader" : {
        "TxnId" : "ES05",
        "TxnNo" : "ES0500001"
      },
      "Signon" : {
        "CustId" : "ESBUSER"
      },
      "ServiceBody" : {
        "CustPermId" : "A123456789",
        "InqMnth" : "201601"
      }
    }
  }
}
