{
  "amheader" : {
    "ChannelID" : "ESB",
    "ServiceDomain" : "RewardPoints",
    "OperationName" : "RwdPntsRedAdd",
    "ConsumerID" : "TWESB",
    "TransactionID" : "T1222222",
    "RqTimestamp" : "2015-12-06T12:01:01.00+08:00",
    "RsTimestamp" : "2015-12-06T12:01:10.00+08:00"
  },
  "ambody" : {
    "RwdPntsRedAddRs" : {
      "ServiceHeader" : {
        "TxnId" : "RP02",
        "TxnNo" : "RP0200001"
      },
      "Signon" : {
        "CustId" : "ESBUSER"
      },
      "ServiceBody" : {
        "RtrnCode" : "E000"
        "RtrnDesc" : "200 {E000}",
        "RwdPntsRedAddnfo" : {
          "MrchId" : 29887923,
          "OrdNo" : "29887923001122334455",
          "AvailPnts" : 500
        }
      }
    }
  }
}
