{
  "amheader" : {
    "ChannelID" : "ESB",
    "ServiceDomain" : "RewardPoints",
    "OperationName" : "RwdPntsAwardsAdd",
    "ConsumerID" : "TWESB",
    "TransactionID" : "T1222222",
    "RqTimestamp" : "2015-12-06T12:01:01.00+08:00"
  },
  "ambody" : {
    "RwdPntsAwardsAddRq" : {
      "ServiceHeader" : {
        "TxnId" : "RP04",
        "TxnNo" : "RP0400001"
      },
      "Signon" : {
        "CustId" : "ESBUSER"
      },
      "ServiceBody" : {
        "MmbId" : "A123456789",
        "CustPermId" : "A123456789",
        "CCSId" : "0002468",
        "CampId" : 29887923,
        "TxnCode" : "29887923001122334455",
        "TxnType" : 3,
        "RwdPnts" : 300
      }
    }
  }
}
