{
  "amheader" : {
    "ChannelID" : "ESB",
    "ServiceDomain" : "RewardPoints",
    "OperationName" : "RwdPntsCustStatInq",
    "ConsumerID" : "TWESB",
    "TransactionID" : "T1222222",
    "RqTimestamp" : "2015-12-06T12:01:01.00+08:00",
    "RsTimestamp" : "2015-12-06T12:01:10.00+08:00"
  },
  "ambody" : {
    "RwdPntsCustStatInqRs" : {
      "ServiceHeader" : {
        "TxnId" : "RP07",
        "TxnNo" : "RP070001"
      },
      "Signon" : {
        "CustId" : "ESBUSER"
      },
      "ServiceBody" : {
        "RtrnCode" : "E000"
        "RtrnDesc" : "200 {E000}",
        "RwdPntsCustStatInqInfo" : [ {
          "BlackListFlg" : "N",
          "BlkApiType" : "01"
        } ]
      }
    }
  }
}
