{
  "amheader" : {
    "ChannelID" : "ESB",
    "ServiceDomain" : "RewardPoints",
    "OperationName" : "RwdPntsRedVrfy",
    "ConsumerID" : "TWESB",
    "TransactionID" : "T1222222",
    "RqTimestamp" : "2015-12-06T12:01:01.00+08:00",
    "RsTimestamp" : "2015-12-06T12:01:10.00+08:00"
  },
  "ambody" : {
    "RwdPntsRedVrfyRs" : {
      "ServiceHeader" : {
        "TxnId" : "RP08",
        "TxnNo" : "RP0800001"
      },
      "Signon" : {
        "CustId" : "ESBUSER"
      },
      "ServiceBody" : {
        "RtrnCode" : "E000"
        "RtrnDesc" : "200 {E000}",
        "RwdPntsRedVrfyInfo" : {
          "MmbId" : "A123456789",
          "MrchId" : 29887923,
          "OrdNo" : "29887923001122334455",
          "OrdType" : 1,
          "PntsRed" : 3000
        }
      }
    }
  }
}
