{
  "amheader" : {
    "ChannelID" : "ESB",
    "ServiceDomain" : "RewardPoints",
    "OperationName" : "PointVndrInq",
    "ConsumerID" : "TWESB",
    "TransactionID" : "T1222222",
    "RqTimestamp" : "2015-12-06T12:01:01.00+08:00",
    "RsTimestamp" : "2015-12-06T12:01:10.00+08:00"
  },
  "ambody" : {
    "PointVndrInqRs" : {
      "ServiceHeader" : {
        "TxnId" : "RP14",
        "TxnNo" : "RP1400001"
      },
      "Signon" : {
        "CustId" : "ESBUSER"
      },
      "ServiceBody" : {
        "RtrnCode" : "E000"
        "RtrnDesc" : "200 {E000}",
        "PointVndrInqInfo" : [ {
          "CoNo" : 1,
          "CoCode" : "13579",
          "CoName" : "供應商第一號",
          "UnincOrgId" : "24681357",
          "ChartAcct" : "應收帳款"
        } ]
      }
    }
  }
}
