{
  "amheader" : {
    "ChannelID" : "ESB",
    "ServiceDomain" : "RewardPoints",
    "OperationName" : "PointCampGrpAdd",
    "ConsumerID" : "TWESB",
    "TransactionID" : "T1222222",
    "RqTimestamp" : "2015-12-06T12:01:01.00+08:00",
    "RsTimestamp" : "2015-12-06T12:01:10.00+08:00"
  },
  "ambody" : {
    "PointCampGrpAddRs" : {
      "ServiceHeader" : {
        "TxnId" : "RP15",
        "TxnNo" : "RP1500001"
      },
      "Signon" : {
        "CustId" : "ESBUSER"
      },
      "ServiceBody" : {
        "RtrnCode" : "E000"
        "RtrnDesc" : "200 {E000}",
        "PointCampGrpAddInfo" : {
          "FnctType" : "ADD",
          "PointCampGrpName" : "周年大贈送"
        }
      }
    }
  }
}
