{
  "amheader" : {
    "ChannelID" : "ESB",
    "ServiceDomain" : "RewardPoints",
    "OperationName" : "PointCampGrpAdd",
    "ConsumerID" : "TWESB",
    "TransactionID" : "T1222222",
    "RqTimestamp" : "2015-12-06T12:01:01.00+08:00"
  },
  "ambody" : {
    "PointCampGrpAddRq" : {
      "ServiceHeader" : {
        "TxnId" : "RP15",
        "TxnNo" : "RP1500001"
      },
      "Signon" : {
        "CustId" : "ESBUSER"
      },
      "ServiceBody" : {
        "FnctType" : "ADD",
        "PointCampGrpName" : "周年大贈送"
      }
    }
  }
}
