{
  "amheader" : {
    "ChannelID" : "ESB",
    "ServiceDomain" : "RewardPoints",
    "OperationName" : "PointCampGrpInq",
    "ConsumerID" : "TWESB",
    "TransactionID" : "T1222222",
    "RqTimestamp" : "2015-12-06T12:01:01.00+08:00",
    "RsTimestamp" : "2015-12-06T12:01:10.00+08:00"
  },
  "ambody" : {
    "PointCampGrpInqRs" : {
      "ServiceHeader" : {
        "TxnId" : "RP16",
        "TxnNo" : "RP1600001"
      },
      "Signon" : {
        "CustId" : "ESBUSER"
      },
      "ServiceBody" : {
        "RtrnCode" : "E000"
        "RtrnDesc" : "200 {E000}",
        "PointCampGrpInqInfo" : [ {
          "PointCampGrpNo" : 1,
          "PointCampGrpName" : "周年大贈送"
        } ]
      }
    }
  }
}
