{
  "amheader" : {
    "ChannelID" : "ESB",
    "ServiceDomain" : "Customer",
    "OperationName" : "CustProfMod",
    "ConsumerID" : "TWESB",
    "TransactionID" : "T1222222",
    "RqTimestamp" : "2015-12-06T12:01:01.00+08:00",
    "RsTimestamp" : "2015-12-06T12:01:10.00+08:00"
  },
  "ambody" : {
    "CustProfModRs" : {
      "ServiceHeader" : {
        "TxnId" : "CU09",
        "TxnNo" : "CU0900001"
      },
      "Signon" : {
        "CustId" : "ESBUSER"
      },
      "ServiceBody" : {
        "RtrnStatCode" : [ {
          "RtrnCode" : "200"
          "RtrnDesc" : "200{success}"
        } ],
        "HeaderInfo" : {
        },
        "CustInfo" : {
          "CustEngName" : "Henry Lu",
          "CustChnName" : "盧小乖",
          "Mnem" : "Y123789456",
          "Sctr" : "1000",
          "Tgt" : "999",
          "CustStat" : "2",
          "Natl" : "TW",
          "Res" : "TW",
          "CustPermId" : "Y123789456",
          "BirthDay" : "1990-03-22",
          "Gndr" : "MALE",
          "MrtlStat" : "SINGLE",
          "EduLvl" : "DEGREE",
          "IndstryType" : "60000",
          "IndstryObj" : "60000",
          "GrpCo" : "CORBAN",
          "EmplNo" : "223432",
          "DgtlAcctVrfy" : "2566-20200910",
          "CIFCloseDt" : "20191225",
          "TaxFreeFlg" : "Y",
          "PIPAFlg" : "Y",
          "RelnRMCode" : "1",
          "FXId" : "3",
          "IndstryCode" : "25",
          "PIDIssLoc" : "63000000",
          "PIDIssDate" : "2015-09-21",
          "NHIFlg" : "Y",
          "Rsdnt183Flg" : "Y",
          "L3PtyXSellFlg" : "Y",
          "StkhldrToken" : "STAKE HOLDER",
          "PinYinName" : "PinYin",
          "LoanLmtTtl" : 11819.21,
          "CIFAddDate" : "20191218",
          "Chan" : "CCS"
        }
      }
    }
  }
}
