{
  "amheader" : {
    "ChannelID" : "ESB",
    "ServiceDomain" : "Customer",
    "OperationName" : "CustSummInq",
    "ConsumerID" : "TWESB",
    "TransactionID" : "T1222222",
    "RqTimestamp" : "2015-12-06T12:01:01.00+08:00"
  },
  "ambody" : {
    "CustSummInqRq" : {
      "ServiceHeader" : {
        "TxnId" : "CU17",
        "TxnNo" : "CU1700001"
      },
      "Signon" : {
        "CustId" : "ESBUSER"
      },
      "ServiceBody" : {
        "PageInfo" : {
          "PageSize" : 50,
          "PageStart" : 1,
          "PageToken" : "201904170622107608.01,99"
        },
        "AcctId" : "88650000000047"
      }
    }
  }
}
