{
  "amheader" : {
    "ChannelID" : "ESB",
    "ServiceDomain" : "Customer",
    "OperationName" : "CustIdntInq",
    "ConsumerID" : "TWESB",
    "TransactionID" : "T1222222",
    "RqTimestamp" : "2015-12-06T12:01:01.00+08:00"
  },
  "ambody" : {
    "CustIdntInqRq" : {
      "ServiceHeader" : {
        "TxnId" : "CU18",
        "TxnNo" : "CU1800001"
      },
      "Signon" : {
        "CustId" : "ESBUSER"
      },
      "ServiceBody" : {
        "PageInfo" : {
          "PageSize" : 50,
          "PageStart" : 1,
          "PageToken" : "201904170622107608.01"
        },
        "CustPermId" : "A220333888",
        "MobNo" : "0911222333",
        "eMailAddr" : "liza.wu@gmail.com"
      }
    }
  }
}
