{
  "amheader" : {
    "ChannelID" : "ESB",
    "ServiceDomain" : "TDAccount",
    "OperationName" : "TDAcctDtlInq",
    "ConsumerID" : "TWESB",
    "TransactionID" : "T1222222",
    "RqTimestamp" : "2015-12-06T12:01:01.00+08:00",
    "RsTimestamp" : "2015-12-06T12:01:10.00+08:00"
  },
  "ambody" : {
    "TDAcctDtlInqRs" : {
      "ServiceHeader" : {
        "TxnId" : "TD01",
        "TxnNo" : "TD0100001"
      },
      "Signon" : {
        "CustId" : "ESBUSER"
      },
      "ServiceBody" : {
        "RtrnStatCode" : [ {
          "RtrnCode" : "200"
          "RtrnDesc" : "200{200}"
        } ],
        "PageInfo" : {
          "PageSize" : 10,
          "PageStart" : 0,
          "NoOfRec" : 99,
          "PageToken" : "201904170622107608.01"
        },
        "Audit" : {
        },
        "TDAcctRec" : [ {
          "ArrngId" : "AA16152BTQWS",
          "CustPermId" : "A116677278",
          "TDAcctNo" : "1000000006347",
          "CIFNo" : "1000000013"
        } ]
      }
    }
  }
}
