{
  "amheader" : {
    "ChannelID" : "ESB",
    "ServiceDomain" : "TDAccount",
    "OperationName" : "TDTerminCal",
    "ConsumerID" : "TWESB",
    "TransactionID" : "T1222222",
    "RqTimestamp" : "2015-12-06T12:01:01.00+08:00"
  },
  "ambody" : {
    "TDTerminCalRq" : {
      "ServiceHeader" : {
        "TxnId" : "TD03",
        "TxnNo" : "TD0300001"
      },
      "Signon" : {
        "CustId" : "ESBUSER"
      },
      "ServiceBody" : {
        "ValidateOnly" : false,
        "Payload" : {
          "ArrngId" : "NEW",
          "ProdId" : "STR"
        }
      }
    }
  }
}
