{
  "amheader" : {
    "ChannelID" : "ESB",
    "ServiceDomain" : "TDAccount",
    "OperationName" : "TDCalInq",
    "ConsumerID" : "TWESB",
    "TransactionID" : "T1222222",
    "RqTimestamp" : "2015-12-06T12:01:01.00+08:00"
  },
  "ambody" : {
    "TDCalInqRq" : {
      "ServiceHeader" : {
        "TxnId" : "TD13",
        "TxnNo" : "TD1300001"
      },
      "Signon" : {
        "CustId" : "ESBUSER"
      },
      "ServiceBody" : {
        "PageInfo" : {
          "PageSize" : 50,
          "PageStart" : 1,
          "PageToken" : "201904170622107608.01,99"
        },
        "ArrngId" : "AA193377W8L4",
        "CalId" : "STR"
      }
    }
  }
}
