{
  "amheader" : {
    "ChannelID" : "ESB",
    "ServiceDomain" : "TDAccount",
    "OperationName" : "TDTermCalCan",
    "ConsumerID" : "TWESB",
    "TransactionID" : "T1222222",
    "RqTimestamp" : "2015-12-06T12:01:01.00+08:00",
    "RsTimestamp" : "2015-12-06T12:01:10.00+08:00"
  },
  "ambody" : {
    "TDTermCalCanRs" : {
      "ServiceHeader" : {
        "TxnId" : "TD16",
        "TxnNo" : "TD1600001"
      },
      "Signon" : {
        "CustId" : "ESBUSER"
      },
      "ServiceBody" : {
        "RtrnStatCode" : [ {
          "RtrnCode" : "200",
          "RtrnDesc" : "200{success}"
        } ],
        "HeaderInfo" : {
          "Id" : "STR"
        },
        "Payload" : {
          "Chan" : "CCS"
        }
      }
    }
  }
}
