{
  "amheader" : {
    "ChannelID" : "ESB",
    "ServiceDomain" : "DepositAccount",
    "OperationName" : "PreDsgntdAcctStatAdd",
    "ConsumerID" : "TWESB",
    "TransactionID" : "T1222222",
    "RqTimestamp" : "2015-12-06T12:01:01.00+08:00"
  },
  "ambody" : {
    "PreDsgntdAcctStatAddRq" : {
      "ServiceHeader" : {
        "TxnId" : "DA06",
        "TxnNo" : "DA0600001"
      },
      "Signon" : {
        "CustId" : "ESBUSER"
      },
      "ServiceBody" : {
        "CustPermId" : "H123964256",
        "AcctNo" : "1200000993500",
        "ChanId" : "APP",
        "PDXferFlg" : false,
        "UpdtUserId" : "USER001",
        "UpdtBrchId" : "9999"
      }
    }
  }
}
