{
  "amheader" : {
    "ChannelID" : "ESB",
    "ServiceDomain" : "DepositAccount",
    "OperationName" : "NostroAcctOpn",
    "ConsumerID" : "TWESB",
    "TransactionID" : "T1222222",
    "RqTimestamp" : "2015-12-06T12:01:01.00+08:00",
    "RsTimestamp" : "2015-12-06T12:01:10.00+08:00"
  },
  "ambody" : {
    "NostroAcctOpnRs" : {
      "ServiceHeader" : {
        "TxnId" : "DA19",
        "TxnNo" : "DA1900001"
      },
      "Signon" : {
        "CustId" : "ESBUSER"
      },
      "ServiceBody" : {
        "RtrnStatCode" : [ {
          "RtrnCode" : "200"
          "RtrnDesc" : "200{success}"
        } ],
        "HeaderInfo" : {
        },
        "CustInfo" : {
          "CustPermId" : "999999",
          "ProdCode" : "6010",
          "Ccy" : "TWD",
          "ReconAcct" : "Y",
          "CntngntIntrstType" : "B",
          "Chan" : "CCS"
        }
      }
    }
  }
}
