{
  "amheader" : {
    "ChannelID" : "ESB",
    "ServiceDomain" : "DepositAccount",
    "OperationName" : "AcctPostRstrctHistInq",
    "ConsumerID" : "TWESB",
    "TransactionID" : "T1222222",
    "RqTimestamp" : "2015-12-06T12:01:01.00+08:00"
  },
  "ambody" : {
    "AcctPostRstrctHistInqRq" : {
      "ServiceHeader" : {
        "TxnId" : "DA20",
        "TxnNo" : "DA2000001"
      },
      "Signon" : {
        "CustId" : "ESBUSER"
      },
      "ServiceBody" : {
        "PageInfo" : {
          "PageSize" : 50,
          "PageStart" : 1,
          "PageToken" : "201904170622107608.01,99"
        },
        "ArrngId" : "AA193371FM2V"
      }
    }
  }
}
