{
  "amheader" : {
    "ChannelID" : "ESB",
    "ServiceDomain" : "DepositAccount",
    "OperationName" : "RsrvdAcctNumAdd",
    "ConsumerID" : "TWESB",
    "TransactionID" : "T1222222",
    "RqTimestamp" : "2015-12-06T12:01:01.00+08:00",
    "RsTimestamp" : "2015-12-06T12:01:10.00+08:00"
  },
  "ambody" : {
    "RsrvdAcctNumAddRs" : {
      "ServiceHeader" : {
        "TxnId" : "DA23",
        "TxnNo" : "DA2300001"
      },
      "Signon" : {
        "CustId" : "ESBUSER"
      },
      "ServiceBody" : {
        "RtrnStatCode" : [ {
          "RtrnCode" : "200"
          "RtrnDesc" : "200{success}"
        } ],
        "HeaderInfo" : {
        },
        "RsrvdAcctNoInfo" : {
          "Chan" : "CCS"
        }
      }
    }
  }
}
