{
  "amheader" : {
    "ChannelID" : "ESB",
    "ServiceDomain" : "DepositAccount",
    "OperationName" : "CampIntrstRateMod",
    "ConsumerID" : "TWESB",
    "TransactionID" : "T1222222",
    "RqTimestamp" : "2015-12-06T12:01:01.00+08:00",
    "RsTimestamp" : "2015-12-06T12:01:10.00+08:00"
  },
  "ambody" : {
    "CampIntrstRateModRs" : {
      "ServiceHeader" : {
        "TxnId" : "DA25",
        "TxnNo" : "DA2500001"
      },
      "Signon" : {
        "CustId" : "ESBUSER"
      },
      "ServiceBody" : {
        "RtrnStatCode" : [ {
          "RtrnCode" : "200",
          "RtrnDesc" : "200{success}"
        } ],
        "HeaderInfo" : {
          "Id" : "AAACT193372H91D4ZL"
        },
        "RsrvdAcctNoInfo" : {
          "ArrngId" : "AA19337RVXBB",
          "ProdName" : "AC.POCKET.SAV",
          "Ccy" : "TWD",
          "EffDate" : "20191203",
          "RsnCode" : "Update Campaign Int",
          "IPAddr" : "IP.172.20.15.192",
          "DevNo" : "1",
          "EntryDeptCode" : "N01",
          "PrftCntr" : "N01",
          "CostCntr" : "N01",
          "AuthEmpId" : "HELEN",
          "EntryEmplNo" : "string",
          "VerName" : "AA.ARRANGEMENT.ACTIVITY,AA.API.NEW.NCB.1.0.0",
          "EcoUnit" : "N01",
          "APIKey" : "NCB-IF01009",
          "MobLang" : "ENGLISH",
          "Chan" : "CCS"
        }
      }
    }
  }
}
