{
  "amheader" : {
    "ChannelID" : "ESB",
    "ServiceDomain" : "DepositAccount",
    "OperationName" : "AcctInfoChngInq",
    "ConsumerID" : "TWESB",
    "TransactionID" : "T1222222",
    "RqTimestamp" : "2015-12-06T12:01:01.00+08:00"
  },
  "ambody" : {
    "AcctInfoChngInqRq" : {
      "ServiceHeader" : {
        "TxnId" : "DA27",
        "TxnNo" : "DA2700001"
      },
      "Signon" : {
        "CustId" : "ESBUSER"
      },
      "ServiceBody" : {
        "PageInfo" : {
          "PageSize" : 50,
          "PageStart" : 1,
          "PageToken" : "201904170622107608.01,99"
        }
      }
    }
  }
}
