{
  "amheader" : {
    "ChannelID" : "ESB",
    "ServiceDomain" : "DepositAccount",
    "OperationName" : "ZeroBalAcctInq",
    "ConsumerID" : "TWESB",
    "TransactionID" : "T1222222",
    "RqTimestamp" : "2015-12-06T12:01:01.00+08:00",
    "RsTimestamp" : "2015-12-06T12:01:10.00+08:00"
  },
  "ambody" : {
    "ZeroBalAcctInqRs" : {
      "ServiceHeader" : {
        "TxnId" : "DA31",
        "TxnNo" : "DA3100001"
      },
      "Signon" : {
        "CustId" : "ESBUSER"
      },
      "ServiceBody" : {
        "RtrnStatCode" : [ {
          "RtrnCode" : "200",
          "RtrnDesc" : "200{200}"
        } ],
        "PageInfo" : {
          "PageSize" : 10,
          "PageStart" : 0,
          "NoOfRec" : 99,
          "PageToken" : "201904170622107608.01,99"
        },
        "Audit" : {
        },
        "AcctRec" : [ {
          "AcctId" : "88612345678901",
          "Ccy" : "TWD",
          "BussType" : "6001",
          "WorkBal" : 10000,
          "ActlBal" : 12000,
          "ClrBal" : 9000,
          "BrchId" : "TW8230001"
        } ]
      }
    }
  }
}
