{
  "amheader" : {
    "ChannelID" : "ESB",
    "ServiceDomain" : "CurrentAccount",
    "OperationName" : "AcctDtlInq",
    "ConsumerID" : "TWESB",
    "TransactionID" : "T1222222",
    "RqTimestamp" : "2015-12-06T12:01:01.00+08:00"
  },
  "ambody" : {
    "AcctDtlInqRq" : {
      "ServiceHeader" : {
        "TxnId" : "CA05",
        "TxnNo" : "CA0500001"
      },
      "Signon" : {
        "CustId" : "ESBUSER"
      },
      "ServiceBody" : {
        "PageInfo" : {
          "PageSize" : 50,
          "PageStart" : 1,
          "PageToken" : "201912038845528443.01"
        },
        "AcctNo" : "88660000000006",
        "ArrngId" : "AA19337WDP97"
      }
    }
  }
}
