<?xml version="1.0" encoding="utf-8"?>

<soap:Envelope xmlns:soap="http://www.w3.org/2003/05/soap-envelope" xmlns:v1="http://www.iisigroup.com/magiclamp/common/soapenv.xsd/v1" xmlns:v11="http://www.nextbank.com.tw/xsd/TW/DepositAccount/PreDsgntdAcctHistInqRq/v1">  
  <soap:Header> 
    <v1:Header v1:mustUnderstand="true"> 
      <ChannelID>ESB</ChannelID>  
      <ServiceDomain>DepositAccount</ServiceDomain>  
      <OperationName>PreDsgntdAcctHistInq</OperationName>  
      <ConsumerID>TWESB</ConsumerID>  
      <TransactionID>T1222222</TransactionID>  
      <RqTimestamp>2015-12-06T12:01:01.00+08:00</RqTimestamp> 
    </v1:Header> 
  </soap:Header>  
  <soap:Body> 
    <v11:PreDsgntdAcctHistInqRq> 
      <v11:ServiceHeader> 
        <v11:TxnId>DA01</v11:TxnId>  
        <v11:TxnNo>DA0100001</v11:TxnNo> 
      </v11:ServiceHeader>  
      <v11:Signon> 
        <v11:CustId>ESBUSER</v11:CustId> 
      </v11:Signon>  
      <v11:ServiceBody> 
        <v11:CustPermId>K123456789</v11:CustPermId> 
      </v11:ServiceBody> 
    </v11:PreDsgntdAcctHistInqRq> 
  </soap:Body> 
</soap:Envelope>
