<?xml version="1.0" encoding="utf-8"?>

<soap:Envelope xmlns:soap="http://www.w3.org/2003/05/soap-envelope" xmlns:v1="http://www.iisigroup.com/magiclamp/common/soapenv.xsd/v1" xmlns:v11="http://www.nextbank.com.tw/xsd/TW/DepositAccount/PreDsgntdAcctInqRs/v1">  
  <soap:Header> 
    <v1:Header v1:mustUnderstand="true"> 
      <ChannelID>ESB</ChannelID>  
      <ServiceDomain>DepositAccount</ServiceDomain>  
      <OperationName>PreDsgntdAcctInq</OperationName>  
      <ConsumerID>TWESB</ConsumerID>  
      <TransactionID>T1222222</TransactionID>  
      <RqTimestamp>2015-12-06T12:01:01.00+08:00</RqTimestamp>  
      <!--Optional:-->  
      <RsTimestamp>2015-12-06T12:01:10.00+08:00</RsTimestamp> 
    </v1:Header> 
  </soap:Header>  
  <soap:Body> 
    <v11:PreDsgntdAcctInqRs> 
      <v11:ServiceHeader> 
        <v11:TxnId>DA05</v11:TxnId>  
        <v11:TxnNo>DA0500001</v11:TxnNo> 
      </v11:ServiceHeader>  
      <v11:Signon> 
        <v11:CustId>ESBUSER</v11:CustId> 
      </v11:Signon>  
      <v11:ServiceBody> 
        <v11:RtrnCode>00</v11:RtrnCode>  
        <!--Optional:-->  
        <v11:RtrnDesc>200{00}</v11:RtrnDesc>  
        <!--Zero or more repetitions:-->  
        <v11:DbAcctInfo> 
          <v11:DbAcctNo>1200000992000</v11:DbAcctNo> 
        </v11:DbAcctInfo>  
        <!--Zero or more repetitions:-->  
        <v11:CrAcctInfo> 
          <v11:AliasName>Test</v11:AliasName>  
          <v11:CrBankId>013</v11:CrBankId>  
          <v11:CrAcctNo>2200000992003</v11:CrAcctNo>  
          <!--Optional:-->  
          <v11:SameIdFlg>1</v11:SameIdFlg>  
          <v11:LmtAmt>10000</v11:LmtAmt>  
          <v11:AmtCcy>TWD</v11:AmtCcy>  
          <v11:EffDate>2019-08-12</v11:EffDate>  
          <v11:UpdtDate>2019-09-12</v11:UpdtDate> 
        </v11:CrAcctInfo> 
      </v11:ServiceBody> 
    </v11:PreDsgntdAcctInqRs> 
  </soap:Body> 
</soap:Envelope>
