<?xml version="1.0" encoding="utf-8"?>

<soap:Envelope xmlns:soap="http://www.w3.org/2003/05/soap-envelope" xmlns:v1="http://www.iisigroup.com/magiclamp/common/soapenv.xsd/v1" xmlns:v11="http://www.nextbank.com.tw/xsd/TW/DepositAccount/NostroAcctOpnRs/v1">  
  <soap:Header> 
    <v1:Header v1:mustUnderstand="true"> 
      <ChannelID>ESB</ChannelID>  
      <ServiceDomain>DepositAccount</ServiceDomain>  
      <OperationName>NostroAcctOpn</OperationName>  
      <ConsumerID>TWESB</ConsumerID>  
      <TransactionID>T1222222</TransactionID>  
      <RqTimestamp>2015-12-06T12:01:01.00+08:00</RqTimestamp>  
      <!--Optional:-->  
      <RsTimestamp>2015-12-06T12:01:10.00+08:00</RsTimestamp> 
    </v1:Header> 
  </soap:Header>  
  <soap:Body> 
    <v11:NostroAcctOpnRs> 
      <v11:ServiceHeader> 
        <v11:TxnId>DA19</v11:TxnId>  
        <v11:TxnNo>DA1900001</v11:TxnNo> 
      </v11:ServiceHeader>  
      <v11:Signon> 
        <v11:CustId>ESBUSER</v11:CustId> 
      </v11:Signon>  
      <v11:ServiceBody> 
        <!--1 or more repetitions:-->  
        <v11:RtrnStatCode> 
          <v11:RtrnCode>200</v11:RtrnCode>  
          <!--Optional:-->  
          <v11:RtrnDesc>200{success}</v11:RtrnDesc> 
        </v11:RtrnStatCode>  
        <!--Optional:-->  
        <v11:HeaderInfo></v11:HeaderInfo>  
        <!--Optional:-->  
        <v11:CustInfo> 
          <!--Optional:-->  
          <v11:CustPermId>999999</v11:CustPermId>  
          <!--Optional:-->  
          <v11:ProdCode>6010</v11:ProdCode>  
          <!--Optional:-->  
          <v11:Ccy>TWD</v11:Ccy>  
          <!--Optional:-->  
          <v11:ReconAcct>Y</v11:ReconAcct>  
          <!--Optional:-->  
          <v11:CntngntIntrstType>B</v11:CntngntIntrstType>  
          <!--Optional:-->  
          <v11:Chan>CCS</v11:Chan> 
        </v11:CustInfo> 
      </v11:ServiceBody> 
    </v11:NostroAcctOpnRs> 
  </soap:Body> 
</soap:Envelope>
