<?xml version="1.0" encoding="utf-8"?>

<soap:Envelope xmlns:soap="http://www.w3.org/2003/05/soap-envelope" xmlns:v1="http://www.iisigroup.com/magiclamp/common/soapenv.xsd/v1" xmlns:v11="http://www.nextbank.com.tw/xsd/TW/DepositAccount/NPDLmtModRq/v1">  
  <soap:Header> 
    <v1:Header v1:mustUnderstand="true"> 
      <ChannelID>ESB</ChannelID>  
      <ServiceDomain>DepositAccount</ServiceDomain>  
      <OperationName>NPDLmtMod</OperationName>  
      <ConsumerID>TWESB</ConsumerID>  
      <TransactionID>T1222222</TransactionID>  
      <RqTimestamp>2015-12-06T12:01:01.00+08:00</RqTimestamp> 
    </v1:Header> 
  </soap:Header>  
  <soap:Body> 
    <v11:NPDLmtModRq> 
      <v11:ServiceHeader> 
        <v11:TxnId>DA22</v11:TxnId>  
        <v11:TxnNo>DA2200001</v11:TxnNo> 
      </v11:ServiceHeader>  
      <v11:Signon> 
        <v11:CustId>ESBUSER</v11:CustId> 
      </v11:Signon>  
      <v11:ServiceBody> 
        <!--Optional:-->  
        <v11:ValidateOnly>false</v11:ValidateOnly>  
        <!--Optional:-->  
        <v11:Payload> 
          <v11:ArrngId>AA16152BTQWS</v11:ArrngId>  
          <v11:ArrngRulesInfo> 
            <!--1 or more repetitions:-->  
            <v11:RuleInfo> 
              <v11:PrdcVal1>STR</v11:PrdcVal1>  
              <v11:PrdcVal2>STR</v11:PrdcVal2>  
              <v11:PrdcVal3>STR</v11:PrdcVal3> 
            </v11:RuleInfo> 
          </v11:ArrngRulesInfo> 
        </v11:Payload> 
      </v11:ServiceBody> 
    </v11:NPDLmtModRq> 
  </soap:Body> 
</soap:Envelope>
