<?xml version="1.0" encoding="utf-8"?>

<soap:Envelope xmlns:soap="http://www.w3.org/2003/05/soap-envelope" xmlns:v1="http://www.iisigroup.com/magiclamp/common/soapenv.xsd/v1" xmlns:v11="http://www.nextbank.com.tw/xsd/TW/DepositAccount/CampIntrstRateModRs/v1">  
  <soap:Header> 
    <v1:Header v1:mustUnderstand="true"> 
      <ChannelID>ESB</ChannelID>  
      <ServiceDomain>DepositAccount</ServiceDomain>  
      <OperationName>CampIntrstRateMod</OperationName>  
      <ConsumerID>TWESB</ConsumerID>  
      <TransactionID>T1222222</TransactionID>  
      <RqTimestamp>2015-12-06T12:01:01.00+08:00</RqTimestamp>  
      <!--Optional:-->  
      <RsTimestamp>2015-12-06T12:01:10.00+08:00</RsTimestamp> 
    </v1:Header> 
  </soap:Header>  
  <soap:Body> 
    <v11:CampIntrstRateModRs> 
      <v11:ServiceHeader> 
        <v11:TxnId>DA25</v11:TxnId>  
        <v11:TxnNo>DA2500001</v11:TxnNo> 
      </v11:ServiceHeader>  
      <v11:Signon> 
        <v11:CustId>ESBUSER</v11:CustId> 
      </v11:Signon>  
      <v11:ServiceBody> 
        <!--1 or more repetitions:-->  
        <v11:RtrnStatCode> 
          <v11:RtrnCode>200</v11:RtrnCode>  
          <!--Optional:-->  
          <v11:RtrnDesc>200{success}</v11:RtrnDesc> 
        </v11:RtrnStatCode>  
        <!--Optional:-->  
        <v11:HeaderInfo> 
          <!--Optional:-->  
          <v11:Id>AAACT193372H91D4ZL</v11:Id> 
        </v11:HeaderInfo>  
        <!--Optional:-->  
        <v11:RsrvdAcctNoInfo> 
          <!--Optional:-->  
          <v11:ArrngId>AA19337RVXBB</v11:ArrngId>  
          <!--Optional:-->  
          <v11:ProdName>AC.POCKET.SAV</v11:ProdName>  
          <!--Optional:-->  
          <v11:Ccy>TWD</v11:Ccy>  
          <!--Optional:-->  
          <v11:EffDate>20191203</v11:EffDate>  
          <!--Optional:-->  
          <v11:RsnCode>Update Campaign Int</v11:RsnCode>  
          <!--Optional:-->  
          <v11:IPAddr>IP.172.20.15.192</v11:IPAddr>  
          <!--Optional:-->  
          <v11:DevNo>1</v11:DevNo>  
          <!--Optional:-->  
          <v11:EntryDeptCode>N01</v11:EntryDeptCode>  
          <!--Optional:-->  
          <v11:PrftCntr>N01</v11:PrftCntr>  
          <!--Optional:-->  
          <v11:CostCntr>N01</v11:CostCntr>  
          <!--Optional:-->  
          <v11:AuthEmpId>HELEN</v11:AuthEmpId>  
          <!--Optional:-->  
          <v11:EntryEmplNo>string</v11:EntryEmplNo>  
          <!--Optional:-->  
          <v11:VerName>AA.ARRANGEMENT.ACTIVITY,AA.API.NEW.NCB.1.0.0</v11:VerName>  
          <!--Optional:-->  
          <v11:EcoUnit>N01</v11:EcoUnit>  
          <!--Optional:-->  
          <v11:APIKey>NCB-IF01009</v11:APIKey>  
          <!--Optional:-->  
          <v11:MobLang>ENGLISH</v11:MobLang>  
          <!--Optional:-->  
          <v11:Chan>CCS</v11:Chan> 
        </v11:RsrvdAcctNoInfo> 
      </v11:ServiceBody> 
    </v11:CampIntrstRateModRs> 
  </soap:Body> 
</soap:Envelope>
