<?xml version="1.0" encoding="utf-8"?>

<soap:Envelope xmlns:soap="http://www.w3.org/2003/05/soap-envelope" xmlns:v1="http://www.iisigroup.com/magiclamp/common/soapenv.xsd/v1" xmlns:v11="http://www.nextbank.com.tw/xsd/TW/DepositAccount/ZeroBalAcctInqRs/v1">  
  <soap:Header> 
    <v1:Header v1:mustUnderstand="true"> 
      <ChannelID>ESB</ChannelID>  
      <ServiceDomain>DepositAccount</ServiceDomain>  
      <OperationName>ZeroBalAcctInq</OperationName>  
      <ConsumerID>TWESB</ConsumerID>  
      <TransactionID>T1222222</TransactionID>  
      <RqTimestamp>2015-12-06T12:01:01.00+08:00</RqTimestamp>  
      <!--Optional:-->  
      <RsTimestamp>2015-12-06T12:01:10.00+08:00</RsTimestamp> 
    </v1:Header> 
  </soap:Header>  
  <soap:Body> 
    <v11:ZeroBalAcctInqRs> 
      <v11:ServiceHeader> 
        <v11:TxnId>DA31</v11:TxnId>  
        <v11:TxnNo>DA3100001</v11:TxnNo> 
      </v11:ServiceHeader>  
      <v11:Signon> 
        <v11:CustId>ESBUSER</v11:CustId> 
      </v11:Signon>  
      <v11:ServiceBody> 
        <!--1 or more repetitions:-->  
        <v11:RtrnStatCode> 
          <v11:RtrnCode>200</v11:RtrnCode>  
          <!--Optional:-->  
          <v11:RtrnDesc>200{200}</v11:RtrnDesc> 
        </v11:RtrnStatCode>  
        <!--Optional:-->  
        <v11:PageInfo> 
          <!--Optional:-->  
          <v11:PageSize>10</v11:PageSize>  
          <!--Optional:-->  
          <v11:PageStart>0</v11:PageStart>  
          <!--Optional:-->  
          <v11:NoOfRec>99</v11:NoOfRec>  
          <!--Optional:-->  
          <v11:PageToken>201904170622107608.01,99</v11:PageToken> 
        </v11:PageInfo>  
        <!--Optional:-->  
        <v11:Audit></v11:Audit>  
        <!--Zero or more repetitions:-->  
        <v11:AcctRec> 
          <!--Optional:-->  
          <v11:AcctId>88612345678901</v11:AcctId>  
          <!--Optional:-->  
          <v11:Ccy>TWD</v11:Ccy>  
          <!--Optional:-->  
          <v11:BussType>6001</v11:BussType>  
          <!--Optional:-->  
          <v11:WorkBal>10000</v11:WorkBal>  
          <!--Optional:-->  
          <v11:ActlBal>12000</v11:ActlBal>  
          <!--Optional:-->  
          <v11:ClrBal>9000</v11:ClrBal>  
          <!--Optional:-->  
          <v11:BrchId>TW8230001</v11:BrchId> 
        </v11:AcctRec> 
      </v11:ServiceBody> 
    </v11:ZeroBalAcctInqRs> 
  </soap:Body> 
</soap:Envelope>
