<?xml version="1.0" encoding="utf-8"?>

<soap:Envelope xmlns:soap="http://www.w3.org/2003/05/soap-envelope" xmlns:v1="http://www.iisigroup.com/magiclamp/common/soapenv.xsd/v1" xmlns:v11="http://www.nextbank.com.tw/xsd/TW/eLoan/LoanRenewInfoInqRs/v1">  
  <soap:Header> 
    <v1:Header v1:mustUnderstand="true"> 
      <ChannelID>ESB</ChannelID>  
      <ServiceDomain>eLoan</ServiceDomain>  
      <OperationName>LoanRenewInfoInq</OperationName>  
      <ConsumerID>TWESB</ConsumerID>  
      <TransactionID>T1222222</TransactionID>  
      <RqTimestamp>2015-12-06T12:01:01.00+08:00</RqTimestamp>  
      <!--Optional:-->  
      <RsTimestamp>2015-12-06T12:01:10.00+08:00</RsTimestamp> 
    </v1:Header> 
  </soap:Header>  
  <soap:Body> 
    <v11:LoanRenewInfoInqRs> 
      <v11:ServiceHeader> 
        <v11:TxnId>EL25</v11:TxnId>  
        <v11:TxnNo>af3a317b-1720-4faa-983f-62855b9be0f9DAdUCFBdVg9d</v11:TxnNo> 
      </v11:ServiceHeader>  
      <v11:Signon> 
        <v11:CustId>USER009</v11:CustId> 
      </v11:Signon>  
      <v11:ServiceBody> 
        <v11:RtrnCode>01</v11:RtrnCode>  
        <!--Optional:-->  
        <v11:RtrnDesc>200{01}</v11:RtrnDesc>  
        <!--Optional:-->  
        <v11:LoanRenewInqRec> 
          <!--Optional:-->  
          <v11:LoanType>81003101</v11:LoanType>  
          <!--Optional:-->  
          <v11:CtrctEffDate>yyyy-MM-dd</v11:CtrctEffDate>  
          <!--Optional:-->  
          <v11:CtrctExpDate>yyyy-MM-dd</v11:CtrctExpDate>  
          <!--Optional:-->  
          <v11:RenewEffDate>yyyy-MM-dd</v11:RenewEffDate>  
          <!--Optional:-->  
          <v11:RenewExpDate>yyyy-MM-dd</v11:RenewExpDate> 
        </v11:LoanRenewInqRec> 
      </v11:ServiceBody> 
    </v11:LoanRenewInfoInqRs> 
  </soap:Body> 
</soap:Envelope>
