<?xml version="1.0" encoding="utf-8"?>

<soap:Envelope xmlns:soap="http://www.w3.org/2003/05/soap-envelope" xmlns:v1="http://www.iisigroup.com/magiclamp/common/soapenv.xsd/v1" xmlns:v11="http://www.nextbank.com.tw/xsd/TW/eLoan/AttchDocLnkInqRq/v1">  
  <soap:Header> 
    <v1:Header v1:mustUnderstand="true"> 
      <ChannelID>ESB</ChannelID>  
      <ServiceDomain>eLoan</ServiceDomain>  
      <OperationName>AttchDocLnkInq</OperationName>  
      <ConsumerID>TWESB</ConsumerID>  
      <TransactionID>T1222222</TransactionID>  
      <RqTimestamp>2015-12-06T12:01:01.00+08:00</RqTimestamp> 
    </v1:Header> 
  </soap:Header>  
  <soap:Body> 
    <v11:AttchDocLnkInqRq> 
      <v11:ServiceHeader> 
        <v11:TxnId>EL29</v11:TxnId>  
        <v11:TxnNo>af3a317b-1720-4faa-983f-62855b9be0f9DAdUCFBdVg9d</v11:TxnNo> 
      </v11:ServiceHeader>  
      <v11:Signon> 
        <v11:CustId>ESBUSER</v11:CustId> 
      </v11:Signon>  
      <v11:ServiceBody> 
        <!--1 or more repetitions:-->  
        <v11:AttchDocLnkInqRec> 
          <!--Optional:-->  
          <v11:AttDocType>R01</v11:AttDocType>  
          <v11:AttDocId>STR</v11:AttDocId> 
        </v11:AttchDocLnkInqRec> 
      </v11:ServiceBody> 
    </v11:AttchDocLnkInqRq> 
  </soap:Body> 
</soap:Envelope>
