{
  "amheader" : {
    "ChannelID" : "ESB",
    "ServiceDomain" : "eLoan",
    "OperationName" : "LoanSalesQuoteAppealInq",
    "ConsumerID" : "TWESB",
    "TransactionID" : "T1222222",
    "RqTimestamp" : "2015-12-06T12:01:01.00+08:00",
    "RsTimestamp" : "2015-12-06T12:01:10.00+08:00"
  },
  "ambody" : {
    "LoanSalesQuoteAppealInqRs" : {
      "ServiceHeader" : {
        "TxnId" : "EL23",
        "TxnNo" : "af3a317b-1720-4faa-983f-62855b9be0f9DAdUCFBdVg9d"
      },
      "Signon" : {
        "CustId" : "USER009"
      },
      "ServiceBody" : {
        "RtrnCode" : "01",
        "RtrnDesc" : "200{01}",
        "LoanSalesQuoteInqRec" : {
          "CustPermId" : "S999999999",
          "AppNo" : "YYYYMMDD999SS9999S",
          "LoanType" : "81003101",
          "ApprvStat" : "A10",
          "ApprvDate" : "yyyy-MM-dd",
          "RjctCode" : "B30"
        }
      }
    }
  }
}
