{
  "amheader" : {
    "ChannelID" : "ESB",
    "ServiceDomain" : "Loan",
    "OperationName" : "PmtScheInq",
    "ConsumerID" : "TWESB",
    "TransactionID" : "T1222222",
    "RqTimestamp" : "2015-12-06T12:01:01.00+08:00"
  },
  "ambody" : {
    "PmtScheInqRq" : {
      "ServiceHeader" : {
        "TxnId" : "CU18",
        "TxnNo" : "CU1800001"
      },
      "Signon" : {
        "CustId" : "ESBUSER"
      },
      "ServiceBody" : {
        "PageInfo" : {
          "PageSize" : 50,
          "PageStart" : 1,
          "PageToken" : "201904170622107608.01"
        },
        "ArrngId" : "AA19337MJB1Z",
        "SchdStartDate" : "20191203",
        "SchdEndDate" : "20231203"
      }
    }
  }
}
