{
  "amheader" : {
    "ChannelID" : "ESB",
    "ServiceDomain" : "Loan",
    "OperationName" : "PmtScheInq",
    "ConsumerID" : "TWESB",
    "TransactionID" : "T1222222",
    "RqTimestamp" : "2015-12-06T12:01:01.00+08:00",
    "RsTimestamp" : "2015-12-06T12:01:10.00+08:00"
  },
  "ambody" : {
    "PmtScheInqRs" : {
      "ServiceHeader" : {
        "TxnId" : "CU18",
        "TxnNo" : "CU1800001"
      },
      "Signon" : {
        "CustId" : "ESBUSER"
      },
      "ServiceBody" : {
        "RtrnStatCode" : [ {
          "RtrnCode" : "200"
          "RtrnDesc" : "200{200}"
        } ],
        "PageInfo" : {
          "PageSize" : 10,
          "PageStart" : 0,
          "NoOfRec" : 99,
          "PageToken" : "201904170622107608.01"
        },
        "Audit" : {
        },
        "PmtRec" : [ {
          "SchdDate" : "20191203",
          "TtlAmt" : 795.0,
          "PrncplAmt" : 1000000.0,
          "IntrstAmt" : 3343.0,
          "HdlgChrg" : 795.0,
          "PaidAmt" : 1000000.0,
          "TtlOutstndAmt" : -984100.0
        } ]
      }
    }
  }
}
