{
  "amheader" : {
    "ChannelID" : "ESB",
    "ServiceDomain" : "DebitCard",
    "OperationName" : "DbCardLmtMod",
    "ConsumerID" : "TWESB",
    "TransactionID" : "T1222222",
    "RqTimestamp" : "2015-12-06T12:01:01.00+08:00"
  },
  "ambody" : {
    "DbCardLmtModRq" : {
      "ServiceHeader" : {
        "TxnId" : "DC05",
        "TxnNo" : "DC0500001"
      },
      "Signon" : {
        "CustId" : "ESBUSER"
      },
      "ServiceBody" : {
        "CardNo" : "5211958800000591",
        "DayLmt" : 100000.0,
        "MnthLmt" : 99999999,
        "TempDDLmt" : 100.0,
        "StartTempDDLmtDate" : "20180201",
        "EndTempDDLmtDate" : "20180228",
        "TempMMLmt" : 1000.0,
        "StartTempMMLmtDate" : "20180201",
        "EndTempMMLmtDate" : "20180228"
      }
    }
  }
}
