{
  "amheader" : {
    "ChannelID" : "ESB",
    "ServiceDomain" : "DebitCard",
    "OperationName" : "DbCardInstlmtInq",
    "ConsumerID" : "TWESB",
    "TransactionID" : "T1222222",
    "RqTimestamp" : "2015-12-06T12:01:01.00+08:00",
    "RsTimestamp" : "2015-12-06T12:01:10.00+08:00"
  },
  "ambody" : {
    "DbCardInstlmtInqRs" : {
      "ServiceHeader" : {
        "TxnId" : "DC07",
        "TxnNo" : "DC0700001"
      },
      "Signon" : {
        "CustId" : "ESBUSER"
      },
      "ServiceBody" : {
        "RtrnCode" : "00",
        "CardLmtRec" : [ {
          "DbAcctNo" : "01000001982300",
          "CustPermId" : "B169222431",
          "DayLmt" : 100000.0,
          "MnthLmt" : 99999999,
          "TempLmt" : 100.0,
          "StartTempLmtDate" : "20180201",
          "EndTempLmtDate" : "20180228",
          "CfgDate" : "20180125",
          "CfgTime" : "230900",
          "CfgUserId" : "1547"
        } ],
        "ControlRec" : {
          "CurPage" : 1,
          "NoOfCurPage" : 1,
          "TtlPageNo" : 1,
          "NoOfRec" : 1
        }
      }
    }
  }
}
