{
  "amheader" : {
    "ChannelID" : "ESB",
    "ServiceDomain" : "DebitCard",
    "OperationName" : "DbCardInstlmtInq",
    "ConsumerID" : "TWESB",
    "TransactionID" : "T1222222",
    "RqTimestamp" : "2015-12-06T12:01:01.00+08:00"
  },
  "ambody" : {
    "DbCardInstlmtInqRq" : {
      "ServiceHeader" : {
        "TxnId" : "DC07",
        "TxnNo" : "DC0700001"
      },
      "Signon" : {
        "CustId" : "ESBUSER"
      },
      "ServiceBody" : {
        "InqPageNo" : 1,
        "NoOfPage" : 20,
        "CardNo" : "5211958800000591",
        "StartCfgDate" : "20170101",
        "EndCfgDate" : "20180131"
      }
    }
  }
}
