{
  "amheader" : {
    "ChannelID" : "ESB",
    "ServiceDomain" : "DebitCard",
    "OperationName" : "CardNoAdd",
    "ConsumerID" : "TWESB",
    "TransactionID" : "T1222222",
    "RqTimestamp" : "2015-12-06T12:01:01.00+08:00",
    "RsTimestamp" : "2015-12-06T12:01:10.00+08:00"
  },
  "ambody" : {
    "CardNoAddRs" : {
      "ServiceHeader" : {
        "TxnId" : "DC08",
        "TxnNo" : "DC0800001"
      },
      "Signon" : {
        "CustId" : "ESBUSER"
      },
      "ServiceBody" : {
        "RtrnCode" : "00",
        "CardNoInfo" : {
          "GrpNo" : "0000",
          "CardAtt" : "V1",
          "CardNo" : "4312349000005989"
        }
      }
    }
  }
}
