{
  "amheader" : {
    "ChannelID" : "ESB",
    "ServiceDomain" : "DebitCard",
    "OperationName" : "GrpCodeInq",
    "ConsumerID" : "TWESB",
    "TransactionID" : "T1222222",
    "RqTimestamp" : "2015-12-06T12:01:01.00+08:00",
    "RsTimestamp" : "2015-12-06T12:01:10.00+08:00"
  },
  "ambody" : {
    "GrpCodeInqRs" : {
      "ServiceHeader" : {
        "TxnId" : "DC11",
        "TxnNo" : "DC1100001"
      },
      "Signon" : {
        "CustId" : "ESBUSER"
      },
      "ServiceBody" : {
        "RtrnCode" : "00",
        "GrpInfo" : [ {
          "GrpCode" : "0000",
          "GrpName" : "一般共用團體代號"
        } ]
      }
    }
  }
}
