{
  "amheader" : {
    "ChannelID" : "ESB",
    "ServiceDomain" : "DebitCard",
    "OperationName" : "CardCIFInfoInq",
    "ConsumerID" : "TWESB",
    "TransactionID" : "T1222222",
    "RqTimestamp" : "2015-12-06T12:01:01.00+08:00"
  },
  "ambody" : {
    "CardCIFInfoInqRq" : {
      "ServiceHeader" : {
        "TxnId" : "DC12",
        "TxnNo" : "DC1200001"
      },
      "Signon" : {
        "CustId" : "ESBUSER"
      },
      "ServiceBody" : {
        "InqPageNo" : 1,
        "NoOfPage" : 10,
        "InqType" : "1",
        "InqKeyId" : "Q321991838"
      }
    }
  }
}
