{
  "amheader" : {
    "ChannelID" : "ESB",
    "ServiceDomain" : "DebitCard",
    "OperationName" : "CardCIFInfoMod",
    "ConsumerID" : "TWESB",
    "TransactionID" : "T1222222",
    "RqTimestamp" : "2015-12-06T12:01:01.00+08:00"
  },
  "ambody" : {
    "CardCIFInfoModRq" : {
      "ServiceHeader" : {
        "TxnId" : "DC13",
        "TxnNo" : "DC1300001"
      },
      "Signon" : {
        "CustId" : "ESBUSER"
      },
      "ServiceBody" : {
        "CIFNo" : "5489700003",
        "CardAtt" : "0"
      }
    }
  }
}
