{
  "amheader" : {
    "ChannelID" : "ESB",
    "ServiceDomain" : "DebitCard",
    "OperationName" : "DbCardLockAcctAdd",
    "ConsumerID" : "TWESB",
    "TransactionID" : "T1222222",
    "RqTimestamp" : "2015-12-06T12:01:01.00+08:00"
  },
  "ambody" : {
    "DbCardLockAcctAddRq" : {
      "ServiceHeader" : {
        "TxnId" : "DC16",
        "TxnNo" : "DC1600001"
      },
      "Signon" : {
        "CustId" : "ESBUSER"
      },
      "ServiceBody" : {
        "CardNo" : "4563020616112800",
        "AcctNo" : "4563020616112800",
        "AcctType" : "2"
      }
    }
  }
}
