{
  "amheader" : {
    "ChannelID" : "ESB",
    "ServiceDomain" : "DebitCard",
    "OperationName" : "DbCardResndAppntInq",
    "ConsumerID" : "TWESB",
    "TransactionID" : "T1222222",
    "RqTimestamp" : "2015-12-06T12:01:01.00+08:00"
  },
  "ambody" : {
    "DbCardResndAppntInqRq" : {
      "ServiceHeader" : {
        "TxnId" : "DC17",
        "TxnNo" : "DC1700001"
      },
      "Signon" : {
        "CustId" : "ESBUSER"
      },
      "ServiceBody" : {
        "InqPageNo" : 1,
        "NoOfPage" : 10,
        "CardNo" : "4563020616112800",
        "ResndAppntType" : "1"
      }
    }
  }
}
