{
  "amheader" : {
    "ChannelID" : "ESB",
    "ServiceDomain" : "DebitCard",
    "OperationName" : "DbCardFeeAdd",
    "ConsumerID" : "TWESB",
    "TransactionID" : "T1222222",
    "RqTimestamp" : "2015-12-06T12:01:01.00+08:00"
  },
  "ambody" : {
    "DbCardFeeAddRq" : {
      "ServiceHeader" : {
        "TxnId" : "DC25",
        "TxnNo" : "DC2500001"
      },
      "Signon" : {
        "CustId" : "ESBUSER"
      },
      "ServiceBody" : {
        "CardNo" : "4563020616112800",
        "TxnCode" : "STR",
        "DestAmt" : 12.0,
        "BillDesc" : "STR",
        "UpdtUserId" : "joe",
        "SprvsrlId" : "joe"
      }
    }
  }
}
