{
  "amheader" : {
    "ChannelID" : "ESB",
    "ServiceDomain" : "DebitCard",
    "OperationName" : "DbCardFeeInq",
    "ConsumerID" : "TWESB",
    "TransactionID" : "T1222222",
    "RqTimestamp" : "2015-12-06T12:01:01.00+08:00",
    "RsTimestamp" : "2015-12-06T12:01:10.00+08:00"
  },
  "ambody" : {
    "DbCardFeeInqRs" : {
      "ServiceHeader" : {
        "TxnId" : "DC28",
        "TxnNo" : "DC2800001"
      },
      "Signon" : {
        "CustId" : "ESBUSER"
      },
      "ServiceBody" : {
        "RtrnCode" : "00"
        "RtrnDesc" : "200{00}",
        "BillNoInfo" : {
          "CardNo" : "4563020616112800",
          "TxnCode" : "STR",
          "AmtCcy" : "TWD",
          "TWDAmt" : 12.0,
          "TxnDate" : "20160501"
        },
        "ControlRec" : {
          "CurPage" : 1,
          "NoOfCurPage" : 1,
          "TtlPageNo" : 1,
          "NoOfRec" : 1
        }
      }
    }
  }
}
