<?xml version="1.0" encoding="utf-8"?>

<soap:Envelope xmlns:soap="http://www.w3.org/2003/05/soap-envelope" xmlns:v1="http://www.iisigroup.com/magiclamp/common/soapenv.xsd/v1" xmlns:v11="http://www.nextbank.com.tw/xsd/TW/Limit/LmtWithFeeAddRs/v1">  
  <soap:Header> 
    <v1:Header v1:mustUnderstand="true"> 
      <ChannelID>ESB</ChannelID>  
      <ServiceDomain>Limit</ServiceDomain>  
      <OperationName>LmtWithFeeAdd</OperationName>  
      <ConsumerID>TWESB</ConsumerID>  
      <TransactionID>T1222222</TransactionID>  
      <RqTimestamp>2015-12-06T12:01:01.00+08:00</RqTimestamp>  
      <!--Optional:-->  
      <RsTimestamp>2015-12-06T12:01:10.00+08:00</RsTimestamp> 
    </v1:Header> 
  </soap:Header>  
  <soap:Body> 
    <v11:LmtWithFeeAddRs> 
      <v11:ServiceHeader> 
        <v11:TxnId>LI08</v11:TxnId>  
        <v11:TxnNo>LI0800001</v11:TxnNo> 
      </v11:ServiceHeader>  
      <v11:Signon> 
        <v11:CustId>ESBUSER</v11:CustId> 
      </v11:Signon>  
      <v11:ServiceBody> 
        <!--1 or more repetitions:-->  
        <v11:RtrnStatCode> 
          <v11:RtrnCode>200</v11:RtrnCode>  
          <!--Optional:-->  
          <v11:RtrnDesc>200{success}</v11:RtrnDesc> 
        </v11:RtrnStatCode>  
        <!--Optional:-->  
        <v11:HeaderInfo> 
          <!--Optional:-->  
          <v11:Id>AAACT19337LLMBKL0P</v11:Id> 
        </v11:HeaderInfo>  
        <!--Optional:-->  
        <v11:CustInfo> 
          <!--Optional:-->  
          <v11:LmtId>NEW</v11:LmtId>  
          <!--Optional:-->  
          <v11:LbltyNo>1000000004</v11:LbltyNo>  
          <!--Optional:-->  
          <v11:LmtProdId>8100</v11:LmtProdId>  
          <!--Optional:-->  
          <v11:AppNo>ELOAN12034</v11:AppNo>  
          <!--Optional:-->  
          <v11:Ccy>TWD</v11:Ccy>  
          <!--Optional:-->  
          <v11:AvailFlg>Y</v11:AvailFlg>  
          <!--Optional:-->  
          <v11:ApprvDate>20191203</v11:ApprvDate>  
          <!--Optional:-->  
          <v11:DfltApprvDate>20191203</v11:DfltApprvDate>  
          <!--Optional:-->  
          <v11:RvwFreq>20201203M0101</v11:RvwFreq>  
          <!--Optional:-->  
          <v11:LmtExpDate>20201203</v11:LmtExpDate>  
          <!--Optional:-->  
          <v11:AppDate>20201203</v11:AppDate>  
          <!--Optional:-->  
          <v11:LmtEffData>20201203</v11:LmtEffData>  
          <!--Optional:-->  
          <v11:ExtblLmtExpDate>20201204</v11:ExtblLmtExpDate>  
          <!--Optional:-->  
          <v11:LmtAmt>65000</v11:LmtAmt>  
          <!--Optional:-->  
          <v11:MaxLmtAmt>65000</v11:MaxLmtAmt>  
          <!--Optional:-->  
          <v11:LmtType>FIXED</v11:LmtType>  
          <!--Optional:-->  
          <v11:AllwLmtCancFlg>1</v11:AllwLmtCancFlg>  
          <!--Optional:-->  
          <v11:LmtCtrctExpDate>20271203</v11:LmtCtrctExpDate>  
          <!--Optional:-->  
          <v11:DbAcct>88610000000034</v11:DbAcct>  
          <!--Optional:-->  
          <v11:ChrgDate>20191203</v11:ChrgDate>  
          <!--Optional:-->  
          <v11:ChrgStatCode>BOOK</v11:ChrgStatCode>  
          <!--Optional:-->  
          <v11:APIKey>IF05005</v11:APIKey>  
          <!--Optional:-->  
          <v11:Chan>CCS</v11:Chan> 
        </v11:CustInfo> 
      </v11:ServiceBody> 
    </v11:LmtWithFeeAddRs> 
  </soap:Body> 
</soap:Envelope>
