<?xml version="1.0" encoding="utf-8"?>

<soap:Envelope xmlns:soap="http://www.w3.org/2003/05/soap-envelope" xmlns:v1="http://www.iisigroup.com/magiclamp/common/soapenv.xsd/v1" xmlns:v11="http://www.nextbank.com.tw/xsd/TW/Limit/LmtModRs/v1">  
  <soap:Header> 
    <v1:Header v1:mustUnderstand="true"> 
      <ChannelID>ESB</ChannelID>  
      <ServiceDomain>Limit</ServiceDomain>  
      <OperationName>LmtMod</OperationName>  
      <ConsumerID>TWESB</ConsumerID>  
      <TransactionID>T1222222</TransactionID>  
      <RqTimestamp>2015-12-06T12:01:01.00+08:00</RqTimestamp>  
      <!--Optional:-->  
      <RsTimestamp>2015-12-06T12:01:10.00+08:00</RsTimestamp> 
    </v1:Header> 
  </soap:Header>  
  <soap:Body> 
    <v11:LmtModRs> 
      <v11:ServiceHeader> 
        <v11:TxnId>LI09</v11:TxnId>  
        <v11:TxnNo>LI0900001</v11:TxnNo> 
      </v11:ServiceHeader>  
      <v11:Signon> 
        <v11:CustId>ESBUSER</v11:CustId> 
      </v11:Signon>  
      <v11:ServiceBody> 
        <!--1 or more repetitions:-->  
        <v11:RtrnStatCode> 
          <v11:RtrnCode>200</v11:RtrnCode>  
          <!--Optional:-->  
          <v11:RtrnDesc>200{success}</v11:RtrnDesc> 
        </v11:RtrnStatCode>  
        <!--Optional:-->  
        <v11:HeaderInfo> 
          <!--Optional:-->  
          <v11:Id>AAACT19337LLMBKL0P</v11:Id> 
        </v11:HeaderInfo>  
        <!--Optional:-->  
        <v11:CustInfo> 
          <!--Optional:-->  
          <v11:AppNo>ELoan9883183</v11:AppNo>  
          <!--Optional:-->  
          <v11:Ccy>TWD</v11:Ccy>  
          <!--Optional:-->  
          <v11:AvailFlg>Y</v11:AvailFlg>  
          <!--Optional:-->  
          <v11:ApprvDate>20191203</v11:ApprvDate>  
          <!--Optional:-->  
          <v11:DfltApprvDate>20191203</v11:DfltApprvDate>  
          <!--Optional:-->  
          <v11:RvwFreq>20201203M0101</v11:RvwFreq>  
          <!--Optional:-->  
          <v11:LmtExpDate>20201203</v11:LmtExpDate>  
          <!--Optional:-->  
          <v11:AppDate>20201203</v11:AppDate>  
          <!--Optional:-->  
          <v11:LmtEffData>20200506</v11:LmtEffData>  
          <!--Optional:-->  
          <v11:ExtblLmtExpDate>20210103</v11:ExtblLmtExpDate>  
          <!--Optional:-->  
          <v11:ApprvLmt>125000</v11:ApprvLmt>  
          <!--Optional:-->  
          <v11:ApprvMaxLmt>125000</v11:ApprvMaxLmt>  
          <!--Optional:-->  
          <v11:LmtType>FIXED</v11:LmtType>  
          <!--Optional:-->  
          <v11:AllwLmtCancFlg>1</v11:AllwLmtCancFlg>  
          <!--Optional:-->  
          <v11:LmtCtrctExpDate>20271203</v11:LmtCtrctExpDate>  
          <!--Optional:-->  
          <v11:GLTerm>51</v11:GLTerm>  
          <!--Optional:-->  
          <v11:FundPurp>05</v11:FundPurp>  
          <!--Optional:-->  
          <v11:CustType>02</v11:CustType>  
          <!--Optional:-->  
          <v11:MrtgType>00</v11:MrtgType>  
          <!--Optional:-->  
          <v11:LoanPurp>111</v11:LoanPurp>  
          <!--Optional:-->  
          <v11:FinSubType>B</v11:FinSubType>  
          <!--Optional:-->  
          <v11:IPAddr>IP 172.10.100.22</v11:IPAddr>  
          <!--Optional:-->  
          <v11:Chan>CCS</v11:Chan> 
        </v11:CustInfo> 
      </v11:ServiceBody> 
    </v11:LmtModRs> 
  </soap:Body> 
</soap:Envelope>
