{
  "amheader" : {
    "ChannelID" : "ESB",
    "ServiceDomain" : "Limit",
    "OperationName" : "LmtWOFeeAdd",
    "ConsumerID" : "TWESB",
    "TransactionID" : "T1222222",
    "RqTimestamp" : "2015-12-06T12:01:01.00+08:00"
  },
  "ambody" : {
    "LmtWOFeeAddRq" : {
      "ServiceHeader" : {
        "TxnId" : "LI07",
        "TxnNo" : "LI0700001"
      },
      "Signon" : {
        "CustId" : "ESBUSER"
      },
      "ServiceBody" : {
        "ValidateOnly" : false,
        "LmtId" : "NEW",
        "CIFNo" : "1000000679",
        "LmtProdId" : "8100",
        "AppNo" : "ELOAN1234",
        "Ccy" : "TWD",
        "AvailFlg" : "Y",
        "ApprvDate" : "20191203",
        "DfltApprvDate" : "20191203",
        "RvwFreq" : "20201203M0101",
        "LmtExpDate" : "20201203",
        "AppDate" : "20191203",
        "LmtEffData" : "20191203",
        "ExtblLmtExpDate" : "20201204",
        "LmtAmt" : 40000,
        "MaxLmtAmt" : 40000,
        "LmtType" : "FIXED",
        "AllwLmtCancFlg" : "1",
        "LmtCtrctExpDate" : "20271203",
        "OvrrdRec" : [ {
        } ],
        "UpdtDateRec" : [ {
        } ],
        "APIKey" : "IF05005"
      }
    }
  }
}
