{
  "amheader" : {
    "ChannelID" : "ESB",
    "ServiceDomain" : "Limit",
    "OperationName" : "LmtInq",
    "ConsumerID" : "TWESB",
    "TransactionID" : "T1222222",
    "RqTimestamp" : "2015-12-06T12:01:01.00+08:00",
    "RsTimestamp" : "2015-12-06T12:01:10.00+08:00"
  },
  "ambody" : {
    "LmtInqRs" : {
      "ServiceHeader" : {
        "TxnId" : "LI10",
        "TxnNo" : "LI1000001"
      },
      "Signon" : {
        "CustId" : "ESBUSER"
      },
      "ServiceBody" : {
        "RtrnStatCode" : [ {
          "RtrnCode" : "200",
          "RtrnDesc" : "200{200}"
        } ],
        "PageInfo" : {
          "PageSize" : 10,
          "PageStart" : 0,
          "NoOfRec" : 99,
          "PageToken" : "202001036703045266.01,99"
        },
        "Audit" : {
        },
        "CustLmtRec" : [ {
          "CIFNo" : "1000000677",
          "CustShrtName" : "全麥麵包人K"
        } ]
      }
    }
  }
}
