{
  "amheader" : {
    "ChannelID" : "ESB",
    "ServiceDomain" : "Limit",
    "OperationName" : "LmtInq",
    "ConsumerID" : "TWESB",
    "TransactionID" : "T1222222",
    "RqTimestamp" : "2015-12-06T12:01:01.00+08:00"
  },
  "ambody" : {
    "LmtInqRq" : {
      "ServiceHeader" : {
        "TxnId" : "LI10",
        "TxnNo" : "LI1000001"
      },
      "Signon" : {
        "CustId" : "ESBUSER"
      },
      "ServiceBody" : {
        "PageInfo" : {
          "PageSize" : 50,
          "PageStart" : 1
        },
        "CIFNo" : "1000000677"
      }
    }
  }
}
