<?xml version="1.0" encoding="utf-8"?>

<soap:Envelope xmlns:soap="http://www.w3.org/2003/05/soap-envelope" xmlns:v1="http://www.iisigroup.com/magiclamp/common/soapenv.xsd/v1" xmlns:v11="http://www.nextbank.com.tw/xsd/TW/BankCard/BankCardHistInqRs/v1">  
  <soap:Header> 
    <v1:Header v1:mustUnderstand="true"> 
      <ChannelID>ESB</ChannelID>  
      <ServiceDomain>BankCard</ServiceDomain>  
      <OperationName>BankCardHistInq</OperationName>  
      <ConsumerID>TWESB</ConsumerID>  
      <TransactionID>T1222222</TransactionID>  
      <RqTimestamp>2015-12-06T12:01:01.00+08:00</RqTimestamp>  
      <!--Optional:-->  
      <RsTimestamp>2015-12-06T12:01:10.00+08:00</RsTimestamp> 
    </v1:Header> 
  </soap:Header>  
  <soap:Body> 
    <v11:BankCardHistInqRs> 
      <v11:ServiceHeader> 
        <v11:TxnId>BC05</v11:TxnId>  
        <v11:TxnNo>BC0500001</v11:TxnNo> 
      </v11:ServiceHeader>  
      <v11:Signon> 
        <v11:CustId>ESBUSER</v11:CustId> 
      </v11:Signon>  
      <v11:ServiceBody> 
        <v11:RtrnCode>00</v11:RtrnCode>  
        <!--Optional:-->  
        <v11:RtrnDesc>200{00}</v11:RtrnDesc>  
        <!--Zero or more repetitions:-->  
        <v11:CardHistRec> 
          <v11:CusPermtId>A223456789</v11:CusPermtId>  
          <v11:ChnName>陳正卡</v11:ChnName>  
          <v11:CardType>1</v11:CardType>  
          <v11:CardTypeName>Visa Debit</v11:CardTypeName>  
          <v11:CardFace>VC</v11:CardFace>  
          <v11:CardFaceName>VISA普卡</v11:CardFaceName>  
          <v11:CardAtt>0</v11:CardAtt>  
          <v11:CardAttName>正卡</v11:CardAttName>  
          <v11:DbAcctNo>0001200000001888</v11:DbAcctNo>  
          <v11:CardNo>4020160418174011</v11:CardNo>  
          <v11:OldCardNo>4020160418174444</v11:OldCardNo>  
          <v11:CardStatCode>7</v11:CardStatCode>  
          <v11:CardStatName>作廢</v11:CardStatName>  
          <v11:Date>2016/06/08</v11:Date>  
          <v11:Time>15:28:20</v11:Time>  
          <v11:SrcCode>TWCCS</v11:SrcCode>  
          <v11:TlrId>ESBUSER</v11:TlrId>  
          <v11:CardGrade>W</v11:CardGrade>  
          <v11:GrpCode>0000</v11:GrpCode>  
          <v11:ElekCardType>0</v11:ElekCardType> 
        </v11:CardHistRec>  
        <!--Optional:-->  
        <v11:ControlRec> 
          <v11:CurPage>1</v11:CurPage>  
          <v11:NoOfCurPage>1</v11:NoOfCurPage>  
          <v11:TtlPageNo>1</v11:TtlPageNo>  
          <v11:NoOfRec>1</v11:NoOfRec> 
        </v11:ControlRec> 
      </v11:ServiceBody> 
    </v11:BankCardHistInqRs> 
  </soap:Body> 
</soap:Envelope>
