<?xml version="1.0" encoding="utf-8"?>

<soap:Envelope xmlns:soap="http://www.w3.org/2003/05/soap-envelope" xmlns:v1="http://www.iisigroup.com/magiclamp/common/soapenv.xsd/v1" xmlns:v11="http://www.nextbank.com.tw/xsd/TW/BankCard/BankCardAppStatInqRs/v1">  
  <soap:Header> 
    <v1:Header v1:mustUnderstand="true"> 
      <ChannelID>ESB</ChannelID>  
      <ServiceDomain>BankCard</ServiceDomain>  
      <OperationName>BankCardAppStatInq</OperationName>  
      <ConsumerID>TWESB</ConsumerID>  
      <TransactionID>T1222222</TransactionID>  
      <RqTimestamp>2015-12-06T12:01:01.00+08:00</RqTimestamp>  
      <!--Optional:-->  
      <RsTimestamp>2015-12-06T12:01:10.00+08:00</RsTimestamp> 
    </v1:Header> 
  </soap:Header>  
  <soap:Body> 
    <v11:BankCardAppStatInqRs> 
      <v11:ServiceHeader> 
        <v11:TxnId>BC07</v11:TxnId>  
        <v11:TxnNo>BC0700001</v11:TxnNo> 
      </v11:ServiceHeader>  
      <v11:Signon> 
        <v11:CustId>ESBUSER</v11:CustId> 
      </v11:Signon>  
      <v11:ServiceBody> 
        <v11:RtrnCode>00</v11:RtrnCode>  
        <!--Optional:-->  
        <v11:RtrnDesc>200{00}</v11:RtrnDesc>  
        <!--Zero or more repetitions:-->  
        <v11:CardStatRec> 
          <v11:CustPermId>A123456789</v11:CustPermId>  
          <v11:CustChnName>王正卡</v11:CustChnName>  
          <v11:CustEngName>Casper</v11:CustEngName>  
          <v11:BirthDay>1966/02/05</v11:BirthDay>  
          <v11:CardNo>4312340000036975</v11:CardNo>  
          <v11:DbAcctNo>01000000008188</v11:DbAcctNo>  
          <v11:CardType>1</v11:CardType>  
          <v11:CardTypeName>Visa Debit</v11:CardTypeName>  
          <v11:CardAttr>0</v11:CardAttr>  
          <v11:CardAttrName>正卡</v11:CardAttrName>  
          <v11:CardStatCode>9</v11:CardStatCode>  
          <v11:CardStatName>掛失</v11:CardStatName>  
          <v11:DlvrMthd>0</v11:DlvrMthd>  
          <v11:DlvrMthdName>卡廠郵寄</v11:DlvrMthdName>  
          <!--Optional:-->  
          <v11:DlvrBrch>00001</v11:DlvrBrch>  
          <!--Optional:-->  
          <v11:DlvrBrchName>內湖分行</v11:DlvrBrchName>  
          <v11:AppDate>2016/08/02</v11:AppDate>  
          <!--Optional:-->  
          <v11:VldYearMnth>0812</v11:VldYearMnth>  
          <!--Optional:-->  
          <v11:ExpYearMnth>0912</v11:ExpYearMnth>  
          <!--Optional:-->  
          <v11:RgstrDate>2016/08/02</v11:RgstrDate>  
          <!--Optional:-->  
          <v11:EffDate>2016/08/02</v11:EffDate>  
          <!--Optional:-->  
          <v11:MakeDate>2016/08/02</v11:MakeDate>  
          <v11:ImgId>001</v11:ImgId>  
          <v11:ElekCardType>0</v11:ElekCardType>  
          <v11:ImgFlg>0</v11:ImgFlg>  
          <v11:CardFace>MC</v11:CardFace>  
          <v11:CardFaceName>Master普卡</v11:CardFaceName>  
          <v11:CardGrade>W</v11:CardGrade>  
          <v11:GrpCode>0000</v11:GrpCode> 
        </v11:CardStatRec>  
        <!--Optional:-->  
        <v11:ControlRec> 
          <v11:CurPage>1</v11:CurPage>  
          <v11:NoOfCurPage>1</v11:NoOfCurPage>  
          <v11:TtlPageNo>1</v11:TtlPageNo>  
          <v11:NoOfRec>1</v11:NoOfRec> 
        </v11:ControlRec> 
      </v11:ServiceBody> 
    </v11:BankCardAppStatInqRs> 
  </soap:Body> 
</soap:Envelope>
