<?xml version="1.0" encoding="utf-8"?>

<soap:Envelope xmlns:soap="http://www.w3.org/2003/05/soap-envelope" xmlns:v1="http://www.iisigroup.com/magiclamp/common/soapenv.xsd/v1" xmlns:v11="http://www.nextbank.com.tw/xsd/TW/BankCard/BankCardAcidntInqRs/v1">  
  <soap:Header> 
    <v1:Header v1:mustUnderstand="true"> 
      <ChannelID>ESB</ChannelID>  
      <ServiceDomain>BankCard</ServiceDomain>  
      <OperationName>BankCardAcidntInq</OperationName>  
      <ConsumerID>TWESB</ConsumerID>  
      <TransactionID>T1222222</TransactionID>  
      <RqTimestamp>2015-12-06T12:01:01.00+08:00</RqTimestamp>  
      <!--Optional:-->  
      <RsTimestamp>2015-12-06T12:01:10.00+08:00</RsTimestamp> 
    </v1:Header> 
  </soap:Header>  
  <soap:Body> 
    <v11:BankCardAcidntInqRs> 
      <v11:ServiceHeader> 
        <v11:TxnId>BC09</v11:TxnId>  
        <v11:TxnNo>BC0900001</v11:TxnNo> 
      </v11:ServiceHeader>  
      <v11:Signon> 
        <v11:CustId>ESBUSER</v11:CustId> 
      </v11:Signon>  
      <v11:ServiceBody> 
        <v11:RtrnCode>00</v11:RtrnCode>  
        <!--Optional:-->  
        <v11:RtrnDesc>200{00}</v11:RtrnDesc>  
        <!--Zero or more repetitions:-->  
        <v11:CardAcidntRec> 
          <v11:CustPermId>A123456789</v11:CustPermId>  
          <v11:CustChnName>王正卡</v11:CustChnName>  
          <v11:CardType>1</v11:CardType>  
          <v11:CardTypeName>Visa Debit</v11:CardTypeName>  
          <v11:CardFace>VC</v11:CardFace>  
          <v11:CardFaceName>VISA普卡</v11:CardFaceName>  
          <v11:CardAtt>0</v11:CardAtt>  
          <v11:CardAttName>正卡</v11:CardAttName>  
          <v11:DbAcctNo>0001200000006888</v11:DbAcctNo>  
          <v11:CardNo>4020160418174010</v11:CardNo>  
          <v11:AcidntType>A</v11:AcidntType>  
          <v11:AcidntTypeName>掛失</v11:AcidntTypeName>  
          <v11:AcidntDate>2016/06/30</v11:AcidntDate>  
          <v11:AcidntSrcId>TWCCS</v11:AcidntSrcId>  
          <v11:AcidntAppId>ESBUSER</v11:AcidntAppId> 
        </v11:CardAcidntRec>  
        <!--Optional:-->  
        <v11:ControlRec> 
          <v11:CurPage>1</v11:CurPage>  
          <v11:NoOfCurPage>1</v11:NoOfCurPage>  
          <v11:TtlPageNo>1</v11:TtlPageNo>  
          <v11:NoOfRec>1</v11:NoOfRec> 
        </v11:ControlRec> 
      </v11:ServiceBody> 
    </v11:BankCardAcidntInqRs> 
  </soap:Body> 
</soap:Envelope>
