{
  "amheader" : {
    "ChannelID" : "ESB",
    "ServiceDomain" : "CardlessPayment",
    "OperationName" : "WdrwlCardlssAppnt",
    "ConsumerID" : "TWESB",
    "TransactionID" : "T1222222",
    "RqTimestamp" : "2015-12-06T12:01:01.00+08:00",
    "RsTimestamp" : "2015-12-06T12:01:10.00+08:00"
  },
  "ambody" : {
    "WdrwlCardlssAppntRs" : {
      "ServiceHeader" : {
        "TxnId" : "CL03",
        "TxnNo" : "CL0300001"
      },
      "Signon" : {
        "CustId" : "ESBUSER"
      },
      "ServiceBody" : {
        "RtrnCode" : "00"
        "RtrnDesc" : "200{00}",
        "WdrwlAppntInfo" : {
          "AppntNo" : "1234567",
          "ExpDateTime" : "2016-09-30T10:24:24.755+08:00"
        }
      }
    }
  }
}
