{
  "amheader" : {
    "ChannelID" : "ESB",
    "ServiceDomain" : "Payment",
    "OperationName" : "UnlockInq",
    "ConsumerID" : "TWESB",
    "TransactionID" : "T1222222",
    "RqTimestamp" : "2015-12-06T12:01:01.00+08:00"
  },
  "ambody" : {
    "UnlockInqRq" : {
      "ServiceHeader" : {
        "TxnId" : "PA03",
        "TxnNo" : "PA0300001"
      },
      "Signon" : {
        "CustId" : "ESBUSER"
      },
      "ServiceBody" : {
        "InqPageNo" : 1,
        "NoOfPage" : 10,
        "CardNo" : "4563020616112800",
        "StartTxnDate" : "20160501",
        "EndTxnDate" : "20160530"
      }
    }
  }
}
