{
  "amheader" : {
    "ChannelID" : "ESB",
    "ServiceDomain" : "Payment",
    "OperationName" : "CardFundXferInq",
    "ConsumerID" : "TWESB",
    "TransactionID" : "T1222222",
    "RqTimestamp" : "2015-12-06T12:01:01.00+08:00"
  },
  "ambody" : {
    "CardFundXferInqRq" : {
      "ServiceHeader" : {
        "TxnId" : "PA05",
        "TxnNo" : "PA0500001"
      },
      "Signon" : {
        "CustId" : "ESBUSER"
      },
      "ServiceBody" : {
        "InqPageNo" : 1,
        "NoOfPage" : 10,
        "CardNo" : "1111222233334444"
      }
    }
  }
}
