{
  "amheader" : {
    "ChannelID" : "ESB",
    "ServiceDomain" : "BankCard",
    "OperationName" : "BankCardRgstr",
    "ConsumerID" : "TWESB",
    "TransactionID" : "T1222222",
    "RqTimestamp" : "2015-12-06T12:01:01.00+08:00"
  },
  "ambody" : {
    "BankCardRgstrRq" : {
      "ServiceHeader" : {
        "TxnId" : "BC03",
        "TxnNo" : "BC0300001"
      },
      "Signon" : {
        "CustId" : "ESBUSER"
      },
      "ServiceBody" : {
        "CardNo" : "0048000000000001",
        "CardStatCode" : "A",
        "ChrgFlg" : "Y"
      }
    }
  }
}
