{
  "amheader" : {
    "ChannelID" : "ESB",
    "ServiceDomain" : "BankCard",
    "OperationName" : "WdlCardFnctMod",
    "ConsumerID" : "TWESB",
    "TransactionID" : "T1222222",
    "RqTimestamp" : "2015-12-06T12:01:01.00+08:00"
  },
  "ambody" : {
    "WdlCardFnctModRq" : {
      "ServiceHeader" : {
        "TxnId" : "BC13",
        "TxnNo" : "BC1300001"
      },
      "Signon" : {
        "CustId" : "ESBUSER"
      },
      "ServiceBody" : {
        "CardNo" : "4020160418178440",
        "CardStatFlg" : "0"
      }
    }
  }
}
