<?xml version="1.0" encoding="UTF-8"?>
<soap:Envelope xmlns:soap="http://www.w3.org/2003/05/soap-envelope" xmlns:v1="http://www.iisigroup.com/magiclamp/common/soapenv.xsd/v1" xmlns:v11="http://www.nextbank.com.tw/xsd/TW/Loan/eJCICActInqRs/v1">
   <soap:Header>
      <v1:Header v1:mustUnderstand="true">
         <ChannelID>ESB</ChannelID>
         <ServiceDomain>Loan</ServiceDomain>
         <OperationName>eJCICActInq</OperationName>
         <ConsumerID>TWESB</ConsumerID>
         <TransactionID>T1222222</TransactionID>
         <RqTimestamp>2015-12-06T12:01:01.00+08:00</RqTimestamp>
         <!--Optional:-->
         <RsTimestamp>2015-12-06T12:01:10.00+08:00</RsTimestamp>
      </v1:Header>
   </soap:Header>
   <soap:Body>
      <v11:eJCICActInqRs>
         <v11:ServiceHeader>
            <v11:TxnId>LO03</v11:TxnId>
            <v11:TxnNo>LO0300001</v11:TxnNo>
         </v11:ServiceHeader>
         <v11:Signon>
            <v11:CustId>ESBUSER</v11:CustId>
         </v11:Signon>
         <v11:ServiceBody>
            <v11:RtrnCode>D0000</v11:RtrnCode>
            <!--Optional:-->
            <v11:RtrnDesc>200 {D0000}</v11:RtrnDesc>
            <!--Optional:-->
            <v11:JCICRsInfo>
			   <v11:JCICTxnId>QZ22</v11:JCICTxnId>
               <v11:MsgId>Z1234AABB</v11:MsgId>
               <v11:InqKeyId1>X101010107</v11:InqKeyId1>
               <!--Optional:-->
               <v11:InqKeyId2></v11:InqKeyId2>
               <v11:SendJCICFlg>Y</v11:SendJCICFlg>
               <!--Optional:-->
               <v11:RawData>
				  <!--Optional:-->
                  <v11:PIDInfo>
                     <v11:AtomId>AAS005</v11:AtomId>
                     <v11:CustPermId>A123456789</v11:CustPermId>
                     <v11:CustChnName>平安　　　　</v11:CustChnName>
                     <v11:Filler>STR</v11:Filler>
                  </v11:PIDInfo>
				  <!--Optional:-->
                  <v11:CustChnNameInfo>
                     <v11:AtomId>AAS006</v11:AtomId>
                     <v11:CustChnFullName>平安全名</v11:CustChnFullName>
                  </v11:CustChnNameInfo>
                  <!--Optional:-->
                  <v11:JCICActInfo>
                     <v11:AtomId>VAM201</v11:AtomId>
                     <!--Zero or more repetitions:-->
                     <v11:JCICActRec>
                        <v11:ActType>F</v11:ActType>
                        <v11:CriPlc>0010023</v11:CriPlc>
                        <v11:CriDate>1050909</v11:CriDate>
                        <v11:ActDate>1050926</v11:ActDate>
                        <v11:CustChnName>李○章</v11:CustChnName>
                        <v11:InvcNo>0011223345566</v11:InvcNo>
                        <v11:Rmk1>進口商億○貿易公司負責人張○○疑與香港興</v11:Rmk1>
                        <v11:Rmk2>○○公司共串以假提單至銀行押匯取得貨款　　　　　　　　　　　　　　</v11:Rmk2>
                        <v11:Rmk3></v11:Rmk3>
                        <v11:Rmk4></v11:Rmk4>
                        <v11:ActOrgName>中央信託局基隆分行</v11:ActOrgName>
                        <v11:RlsCode></v11:RlsCode>
                        <v11:RlsRsn></v11:RlsRsn>
                        <v11:RlsDate></v11:RlsDate>
                        <v11:Filler></v11:Filler>
                     </v11:JCICActRec>
					 <!--Zero or more repetitions:-->
					 <v11:JCICActRec>
                        <v11:ActType>L</v11:ActType>
                        <v11:CriPlc>057AU01</v11:CriPlc>
                        <v11:CriDate>1060330</v11:CriDate>
                        <v11:ActDate>1060401</v11:ActDate>
                        <v11:CustChnName>范○鳳(X101010107)</v11:CustChnName>
                        <v11:InvcNo>1801-000109XXX</v11:InvcNo>
                        <v11:Rmk1>本行93/4/1接獲台北縣警察局永和分局93.3.31永警刑字09300098XX號函之傳真.</v11:Rmk1>
                        <v11:Rmk2>爰因本行大發分行存戶帳號1801-000109XXX戶名范○鳳(身分證字號X101010107)</v11:Rmk2>
                        <v11:Rmk3>疑似詐騙犯罪用帳戶.為防範其繼續行騙.特此通報同業注意防範.</v11:Rmk3>
                        <v11:Rmk4></v11:Rmk4>
                        <v11:ActOrgName>台東中小企業銀行稽核室</v11:ActOrgName>
                        <v11:RlsCode></v11:RlsCode>
                        <v11:RlsRsn></v11:RlsRsn>
                        <v11:RlsDate></v11:RlsDate>
                        <v11:Filler></v11:Filler>
                     </v11:JCICActRec>
                  </v11:JCICActInfo>
                  <!--Optional:-->
                  <v11:MsgInfo>
                     <v11:AtomId>VAM108</v11:AtomId>
                     <!--Zero or more repetitions:-->
                     <v11:MsgRec>
                        <v11:CustPermId>X101010107</v11:CustPermId>
                        <v11:MsgDate>1000113</v11:MsgDate>
                        <v11:MsgMainCode>1</v11:MsgMainCode>
                        <v11:MsgMainNote>期限內不再申請貸款或現金卡或信用卡等</v11:MsgMainNote>
                        <v11:MsgSubCode></v11:MsgSubCode>
                        <v11:MsgSubNote>因身分證遺失</v11:MsgSubNote>
                        <v11:MsgtCntt>期限內不再申請貸款或現金卡或信用卡等</v11:MsgtCntt>
                        <v11:MsgNewSubCode>A0</v11:MsgNewSubCode>
                        <v11:Filler></v11:Filler>
                     </v11:MsgRec>
					 <!--Zero or more repetitions:-->
                     <v11:MsgRec>
                        <v11:CustPermId>X101010107</v11:CustPermId>
                        <v11:MsgDate>1000112</v11:MsgDate>
                        <v11:MsgMainCode>2</v11:MsgMainCode>
                        <v11:MsgMainNote>加強確認個人身分</v11:MsgMainNote>
                        <v11:MsgSubCode></v11:MsgSubCode>
                        <v11:MsgSubNote>其他</v11:MsgSubNote>
                        <v11:MsgtCntt>中國信託桃園分行函告;俟簡君和其接洽,暫無法變更.原ID為F1225401XX.</v11:MsgtCntt>
                        <v11:MsgNewSubCode>O0</v11:MsgNewSubCode>
                        <v11:Filler></v11:Filler>
                     </v11:MsgRec>
                  </v11:MsgInfo>
				  <!--Optional:-->
                  <v11:InqBankInfo>
                     <v11:AtomId>STM011</v11:AtomId>
                     <!--Zero or more repetitions:-->
                     <v11:InqBankInfo1>
                        <v11:InqBankId>822LN01</v11:InqBankId>
                        <v11:InqBankName>中國信託商業銀行個金風險控管部</v11:InqBankName>
                        <v11:InqPurp1>1</v11:InqPurp1>
                        <v11:InqPurp>新業務申請</v11:InqPurp>
                     </v11:InqBankInfo1>
                  </v11:InqBankInfo>
                  <!--Optional:-->
                  <v11:Last3MnthInqBankInfo>
                     <v11:AtomId>STM012</v11:AtomId>
                     <!--Zero or more repetitions:-->
                     <v11:InqBankInfo2>
                        <v11:InqDate>1000101</v11:InqDate>
                        <v11:InqBankId>0060752</v11:InqBankId>
                        <v11:InqBankName>合作金庫銀行調查研究部</v11:InqBankName>
                        <v11:InqPurp1>A</v11:InqPurp1>
                        <v11:InqPurp>新業務申請</v11:InqPurp>
                     </v11:InqBankInfo2>
					 <!--Zero or more repetitions:-->
                     <v11:InqBankInfo2>
                        <v11:InqDate>1000112</v11:InqDate>
                        <v11:InqBankId>0061195</v11:InqBankId>
                        <v11:InqBankName>合作金庫銀行烏日分行</v11:InqBankName>
                        <v11:InqPurp1>B</v11:InqPurp1>
                        <v11:InqPurp>原業務申請</v11:InqPurp>
                     </v11:InqBankInfo2>
                  </v11:Last3MnthInqBankInfo>
				  <!--Optional:-->
                  <v11:InqBussCnt>
                     <v11:AtomId>STS012</v11:AtomId>
                     <v11:InqNewBussTime>00005</v11:InqNewBussTime>
                     <v11:InqOldBussTime>00004</v11:InqOldBussTime>
                     <v11:NewAcctOpnCnt>00000</v11:NewAcctOpnCnt>
                     <v11:OldAcctCnt>00002</v11:OldAcctCnt>
                  </v11:InqBussCnt>
               </v11:RawData>
            </v11:JCICRsInfo>
         </v11:ServiceBody>
      </v11:eJCICActInqRs>
   </soap:Body>
</soap:Envelope>
