<?xml version="1.0" encoding="UTF-8"?>
<soap:Envelope xmlns:soap="http://www.w3.org/2003/05/soap-envelope" xmlns:v1="http://www.iisigroup.com/magiclamp/common/soapenv.xsd/v1" xmlns:v11="http://www.nextbank.com.tw/xsd/TW/Loan/eJCICActInqRs/v1">
   <soap:Header>
      <v1:Header v1:mustUnderstand="true">
         <ChannelID>ESB</ChannelID>
         <ServiceDomain>Loan</ServiceDomain>
         <OperationName>eJCICActInq</OperationName>
         <ConsumerID>TWESB</ConsumerID>
         <TransactionID>T1222222</TransactionID>
         <RqTimestamp>2015-12-06T12:01:01.00+08:00</RqTimestamp>
         <!--Optional:-->
         <RsTimestamp>2015-12-06T12:01:10.00+08:00</RsTimestamp>
      </v1:Header>
   </soap:Header>
   <soap:Body>
      <v11:eJCICActInqRs>
         <v11:ServiceHeader>
            <v11:TxnId>LO03</v11:TxnId>
            <v11:TxnNo>LO0300001</v11:TxnNo>
         </v11:ServiceHeader>
         <v11:Signon>
            <v11:CustId>ESBUSER</v11:CustId>
         </v11:Signon>
         <v11:ServiceBody>
            <v11:RtrnCode>D0000</v11:RtrnCode>
            <!--Optional:-->
            <v11:RtrnDesc>200 {D0000}</v11:RtrnDesc>
            <!--Optional:-->
            <v11:JCICRsInfo>
			   <v11:JCICTxnId>QZ21</v11:JCICTxnId>
               <v11:MsgId>Z1234AABB</v11:MsgId>
               <v11:InqKeyId1>A123456789095040930231104010003000</v11:InqKeyId1>
               <!--Optional:-->
               <v11:InqKeyId2></v11:InqKeyId2>
               <v11:SendJCICFlg>Y</v11:SendJCICFlg>
               <!--Optional:-->
               <v11:RawData>
				  <!--Optional:-->
                  <v11:PIDInfo>
                     <v11:AtomId>AAS005</v11:AtomId>
                     <v11:CustPermId>A123456789</v11:CustPermId>
                     <v11:CustChnName>平安　　　　</v11:CustChnName>
                     <v11:Filler></v11:Filler>
                  </v11:PIDInfo>
				  <!--Optional:-->
                  <v11:CustChnNameInfo>
                     <v11:AtomId>AAS006</v11:AtomId>
                     <v11:CustChnFullName>平安全名</v11:CustChnFullName>
                  </v11:CustChnNameInfo>
                  <!--Optional:-->
                  <v11:RsDate>
                     <v11:AtomId>VAI002</v11:AtomId>
                     <v11:RtrnDate>1080602</v11:RtrnDate>
                  </v11:RsDate>
                  <!--Optional:-->
                  <v11:PIDRec>
                     <v11:AtomId>VAS004</v11:AtomId>
                     <v11:CustPermId>A123456789</v11:CustPermId>
                     <v11:IssDate>950409</v11:IssDate>
                     <v11:IssType>3</v11:IssType>
                     <v11:BirthDay>231104</v11:BirthDay>
                     <v11:PicFreeFlg>0</v11:PicFreeFlg>
                     <v11:IssLoc>10003000</v11:IssLoc>
                     <v11:VrfyRsltCode>Y</v11:VrfyRsltCode>
                     <v11:VrfyRsltDesc>與檔存資料相符</v11:VrfyRsltDesc>
                  </v11:PIDRec>
				  <!--Optional:-->
                  <v11:InqBankInfo>
                     <v11:AtomId>STM011</v11:AtomId>
                     <!--Zero or more repetitions:-->
                     <v11:InqBankInfo1>
                        <v11:InqBankId>0060752</v11:InqBankId>
                        <v11:InqBankName>合作金庫銀行調查研究部</v11:InqBankName>
                        <v11:InqPurp1>1</v11:InqPurp1>
                        <v11:InqPurp>新業務申請</v11:InqPurp>
                     </v11:InqBankInfo1>
                  </v11:InqBankInfo>
				  <!--Optional:-->
                  <v11:InqBankInfo>
                     <v11:AtomId>STM011</v11:AtomId>
                     <!--Zero or more repetitions:-->
                     <v11:InqBankInfo1>
                        <v11:InqBankId>0040462</v11:InqBankId>
                        <v11:InqBankName>臺灣銀行民權分行</v11:InqBankName>
                        <v11:InqPurp1>3</v11:InqPurp1>
                        <v11:InqPurp>新存款開戶</v11:InqPurp>
                     </v11:InqBankInfo1>
                  </v11:InqBankInfo>
				  <!--Optional:-->
                  <v11:InqBussCnt>
                     <v11:AtomId>STS012</v11:AtomId>
                     <v11:InqNewBussTime>00005</v11:InqNewBussTime>
                     <v11:InqOldBussTime>00004</v11:InqOldBussTime>
                     <v11:NewAcctOpnCnt>00000</v11:NewAcctOpnCnt>
                     <v11:OldAcctCnt>00002</v11:OldAcctCnt>
                  </v11:InqBussCnt>
               </v11:RawData>
            </v11:JCICRsInfo>
         </v11:ServiceBody>
      </v11:eJCICActInqRs>
   </soap:Body>
</soap:Envelope>
