<?xml version="1.0" encoding="utf-8"?>

<soap:Envelope xmlns:soap="http://www.w3.org/2003/05/soap-envelope" xmlns:v1="http://www.iisigroup.com/magiclamp/common/soapenv.xsd/v1" xmlns:v11="http://www.nextbank.com.tw/xsd/TW/Loan/LoanAcctOpnRs/v1">  
  <soap:Header> 
    <v1:Header v1:mustUnderstand="true"> 
      <ChannelID>ESB</ChannelID>  
      <ServiceDomain>Loan</ServiceDomain>  
      <OperationName>LoanAcctOpn</OperationName>  
      <ConsumerID>TWESB</ConsumerID>  
      <TransactionID>T1222222</TransactionID>  
      <RqTimestamp>2015-12-06T12:01:01.00+08:00</RqTimestamp>  
      <!--Optional:-->  
      <RsTimestamp>2015-12-06T12:01:10.00+08:00</RsTimestamp> 
    </v1:Header> 
  </soap:Header>  
  <soap:Body> 
    <v11:LoanAcctOpnRs> 
      <v11:ServiceHeader> 
        <v11:TxnId>LO07</v11:TxnId>  
        <v11:TxnNo>LO0700001</v11:TxnNo> 
      </v11:ServiceHeader>  
      <v11:Signon> 
        <v11:CustId>ESBUSER</v11:CustId> 
      </v11:Signon>  
      <v11:ServiceBody> 
        <!--1 or more repetitions:-->  
        <v11:RtrnStatCode> 
          <v11:RtrnCode>200</v11:RtrnCode>  
          <!--Optional:-->  
          <v11:RtrnDesc>200{success}</v11:RtrnDesc> 
        </v11:RtrnStatCode>  
        <!--Optional:-->  
        <v11:HeaderInfo> 
          <!--Optional:-->  
          <v11:Id>AAACT19337LLMBKL0P</v11:Id> 
        </v11:HeaderInfo>  
        <!--Optional:-->  
        <v11:LoanAcctInfo> 
          <!--Optional:-->  
          <v11:ArrngId>AA19337J71M5</v11:ArrngId>  
          <!--Optional:-->  
          <v11:ProdName>AL.TERM.LN</v11:ProdName>  
          <!--Optional:-->  
          <v11:Ccy>TWD</v11:Ccy>  
          <!--Optional:-->  
          <v11:IPAddr>IP 172.100.10.22</v11:IPAddr>  
          <!--Optional:-->  
          <v11:APIKey>NCB-IF05003</v11:APIKey>  
          <!--Optional:-->  
          <v11:Chan>CCS</v11:Chan> 
        </v11:LoanAcctInfo> 
      </v11:ServiceBody> 
    </v11:LoanAcctOpnRs> 
  </soap:Body> 
</soap:Envelope>
