<?xml version="1.0" encoding="utf-8"?>

<soap:Envelope xmlns:soap="http://www.w3.org/2003/05/soap-envelope" xmlns:v1="http://www.iisigroup.com/magiclamp/common/soapenv.xsd/v1" xmlns:v11="http://www.nextbank.com.tw/xsd/TW/Customer/CIFRstrctHistInqRq/v1">  
  <soap:Header> 
    <v1:Header v1:mustUnderstand="true"> 
      <ChannelID>ESB</ChannelID>  
      <ServiceDomain>Customer</ServiceDomain>  
      <OperationName>CIFRstrctHistInq</OperationName>  
      <ConsumerID>TWESB</ConsumerID>  
      <TransactionID>T1222222</TransactionID>  
      <RqTimestamp>2015-12-06T12:01:01.00+08:00</RqTimestamp> 
    </v1:Header> 
  </soap:Header>  
  <soap:Body> 
    <v11:CIFRstrctHistInqRq> 
      <v11:ServiceHeader> 
        <v11:TxnId>CU07</v11:TxnId>  
        <v11:TxnNo>CU0700001</v11:TxnNo> 
      </v11:ServiceHeader>  
      <v11:Signon> 
        <v11:CustId>ESBUSER</v11:CustId> 
      </v11:Signon>  
      <v11:ServiceBody> 
        <!--Optional:-->  
        <v11:PageInfo> 
          <v11:PageSize>50</v11:PageSize>  
          <v11:PageStart>1</v11:PageStart>  
          <!--Optional:-->  
          <v11:PageToken>201904170622107608.01</v11:PageToken> 
        </v11:PageInfo>  
        <!--Optional:-->  
        <v11:CustPermId>Y123789456</v11:CustPermId>  
        <!--Optional:-->  
        <v11:CIFNo>1000000013</v11:CIFNo>  
        <!--Optional:-->  
        <v11:PostRstrctCode>6</v11:PostRstrctCode> 
      </v11:ServiceBody> 
    </v11:CIFRstrctHistInqRq> 
  </soap:Body> 
</soap:Envelope>
