<?xml version="1.0" encoding="utf-8"?>

<soap:Envelope xmlns:soap="http://www.w3.org/2003/05/soap-envelope" xmlns:v1="http://www.iisigroup.com/magiclamp/common/soapenv.xsd/v1" xmlns:v11="http://www.nextbank.com.tw/xsd/TW/Customer/CustProfModRq/v1">  
  <soap:Header> 
    <v1:Header v1:mustUnderstand="true"> 
      <ChannelID>ESB</ChannelID>  
      <ServiceDomain>Customer</ServiceDomain>  
      <OperationName>CustProfMod</OperationName>  
      <ConsumerID>TWESB</ConsumerID>  
      <TransactionID>T1222222</TransactionID>  
      <RqTimestamp>2015-12-06T12:01:01.00+08:00</RqTimestamp> 
    </v1:Header> 
  </soap:Header>  
  <soap:Body> 
    <v11:CustProfModRq> 
      <v11:ServiceHeader> 
        <v11:TxnId>CU09</v11:TxnId>  
        <v11:TxnNo>CU0900001</v11:TxnNo> 
      </v11:ServiceHeader>  
      <v11:Signon> 
        <v11:CustId>ESBUSER</v11:CustId> 
      </v11:Signon>  
      <v11:ServiceBody> 
        <!--Optional:-->  
        <v11:ValidateOnly>false</v11:ValidateOnly>  
        <v11:CustProfInfo> 
          <v11:CIFNo>1000000364</v11:CIFNo>  
          <!--Optional:-->  
          <v11:CustEngName>Henry Lu</v11:CustEngName>  
          <!--Optional:-->  
          <v11:CustChnName>盧小乖</v11:CustChnName>  
          <!--Optional:-->  
          <v11:Mnem>Y123789456</v11:Mnem>  
          <!--Optional:-->  
          <v11:Sctr>1000</v11:Sctr>  
          <!--Optional:-->  
          <v11:Tgt>999</v11:Tgt>  
          <!--Optional:-->  
          <v11:CustStat>2</v11:CustStat>  
          <!--Optional:-->  
          <v11:Natl>TW</v11:Natl>  
          <!--Optional:-->  
          <v11:Res>TW</v11:Res>  
          <!--Optional:-->  
          <v11:CustPermId>Y123789456</v11:CustPermId>  
          <!--Optional:-->  
          <v11:BirthDay>19740101</v11:BirthDay>  
          <!--Optional:-->  
          <v11:Gndr>MALE</v11:Gndr>  
          <!--Optional:-->  
          <v11:MrtlStat>SINGLE</v11:MrtlStat>  
          <!--Optional:-->  
          <v11:EduLvl>DEGREE</v11:EduLvl>  
          <!--Optional:-->  
          <v11:IndstryType>60000</v11:IndstryType>  
          <!--Optional:-->  
          <v11:IndstryObj>60000</v11:IndstryObj>  
          <!--Optional:-->  
          <v11:GrpCo>CORBAN</v11:GrpCo>  
          <!--Optional:-->  
          <v11:EmplNo>223432</v11:EmplNo>  
          <!--Optional:-->  
          <v11:DgtlAcctVrfy>2566-20200910</v11:DgtlAcctVrfy>  
          <!--Optional:-->  
          <v11:CIFCloseDt>20191225</v11:CIFCloseDt>  
          <!--Optional:-->  
          <v11:TaxFreeFlg>Y</v11:TaxFreeFlg>  
          <!--Optional:-->  
          <v11:PIPAFlg>Y</v11:PIPAFlg>  
          <!--Optional:-->  
          <v11:RelnRMCode>1</v11:RelnRMCode>  
          <!--Optional:-->  
          <v11:FXId>3</v11:FXId>  
          <!--Optional:-->  
          <v11:IndstryCode>25</v11:IndstryCode>  
          <!--Optional:-->  
          <v11:PIDIssLoc>63000000</v11:PIDIssLoc>  
          <!--Optional:-->  
          <v11:PIDIssDate>2015-09-21</v11:PIDIssDate>  
          <!--Optional:-->  
          <v11:NHIFlg>Y</v11:NHIFlg>  
          <!--Optional:-->  
          <v11:Rsdnt183Flg>Y</v11:Rsdnt183Flg>  
          <!--Optional:-->  
          <v11:L3PtyXSellFlg>Y</v11:L3PtyXSellFlg>  
          <!--Optional:-->  
          <v11:StkhldrToken>STAKE HOLDER</v11:StkhldrToken>  
          <!--Optional:-->  
          <v11:PinYinName>PinYin</v11:PinYinName>  
          <!--Optional:-->  
          <v11:LoanLmtTtl>11819.21</v11:LoanLmtTtl>  
          <!--Optional:-->  
          <v11:Cntry>台灣</v11:Cntry>  
          <!--Optional:-->  
          <v11:CIFAddDate>20191218</v11:CIFAddDate> 
        </v11:CustProfInfo> 
      </v11:ServiceBody> 
    </v11:CustProfModRq> 
  </soap:Body> 
</soap:Envelope>
