<?xml version="1.0" encoding="utf-8"?>

<soap:Envelope xmlns:soap="http://www.w3.org/2003/05/soap-envelope" xmlns:v1="http://www.iisigroup.com/magiclamp/common/soapenv.xsd/v1" xmlns:v11="http://www.nextbank.com.tw/xsd/TW/Customer/KYCChkCalRs/v1">  
  <soap:Header> 
    <v1:Header v1:mustUnderstand="true"> 
      <ChannelID>ESB</ChannelID>  
      <ServiceDomain>Customer</ServiceDomain>  
      <OperationName>KYCChkCal</OperationName>  
      <ConsumerID>TWESB</ConsumerID>  
      <TransactionID>T1222222</TransactionID>  
      <RqTimestamp>2015-12-06T12:01:01.00+08:00</RqTimestamp>  
      <!--Optional:-->  
      <RsTimestamp>2015-12-06T12:01:10.00+08:00</RsTimestamp> 
    </v1:Header> 
  </soap:Header>  
  <soap:Body> 
    <v11:KYCChkCalRs> 
      <v11:ServiceHeader> 
        <v11:TxnId>CU16</v11:TxnId>  
        <v11:TxnNo>CU1600001</v11:TxnNo> 
      </v11:ServiceHeader>  
      <v11:Signon> 
        <v11:CustId>ESBUSER</v11:CustId> 
      </v11:Signon>  
      <v11:ServiceBody> 
        <v11:RtrnCode>-100</v11:RtrnCode>  
        <!--Optional:-->  
        <v11:RtrnDesc>400{ Cannot establish database connection. }</v11:RtrnDesc>  
        <!--Zero or more repetitions:-->  
        <v11:KYCRsltRec> 
          <!--Optional:-->  
          <v11:CustNo>A186580262</v11:CustNo> 
        </v11:KYCRsltRec> 
      </v11:ServiceBody> 
    </v11:KYCChkCalRs> 
  </soap:Body> 
</soap:Envelope>
