{
  "amheader" : {
    "ChannelID" : "ESB",
    "ServiceDomain" : "Loan",
    "OperationName" : "eJCICActInq",
    "ConsumerID" : "TWESB",
    "TransactionID" : "T1222222",
    "RqTimestamp" : "2015-12-06T12:01:01.00+08:00",
    "RsTimestamp" : "2015-12-06T12:01:10.00+08:00"
  },
  "ambody" : {
    "eJCICActInqRs" : {
      "ServiceHeader" : {
        "TxnId" : "LO03",
        "TxnNo" : "LO0300001"
      },
      "Signon" : {
        "CustId" : "ESBUSER"
      },
      "ServiceBody" : {
        "RtrnCode" : "D0000",
        "RtrnDesc" : "200 {D0000}",
        "JCICRsInfo" : {
		  "JCICTxnId" : "QZ21",
          "MsgId" : "Z1234AABB",
          "InqKeyId1" : "A123456789095040930231104010003000",
          "InqKeyId2" : "",
          "SendJCICFlg" : "Y",
          "RawData" : {
		    "PIDInfo" : {
              "AtomId" : "AAS005",
              "CustPermId" : "A123456789",
              "CustChnName" : "平安　　　　",
              "Filler" : ""
            },
			"CustChnNameInfo" : {
              "AtomId" : "AAS006",
              "CustChnFullName" : "平安全名"
            },
            "RsDate" : {
              "AtomId" : "VAI002",
              "RtrnDate" : "1080602"
            },
            "PIDRec" : {
              "AtomId" : "VAS004",
              "CustPermId" : "A123456789",
              "IssDate" : "950409",
              "IssType" : "3",
              "BirthDay" : "231104",
              "PicFreeFlg" : "0",
              "IssLoc" : "10003000",
              "VrfyRsltCode" : "Y",
              "VrfyRsltDesc" : "與檔存資料相符"
            },
            "InqBankInfo" : {
              "AtomId" : "STM011",
              "InqBankInfo1" : [ {
                "InqBankId" : "0060752",
                "InqBankName" : "合作金庫銀行調查研究部",
                "InqPurp1" : "1",
                "InqPurp" : "新業務申請"
              },
			  {
                "InqBankId" : "0040462",
                "InqBankName" : "臺灣銀行民權分行",
                "InqPurp1" : "3",
                "InqPurp" : "新存款開戶"
              }
			  ]
            },
            "InqBussCnt" : {
              "AtomId" : "STS012",
              "InqNewBussTime" : "00005",
              "InqOldBussTime" : "00004",
              "NewAcctOpnCnt" : "00000",
              "OldAcctCnt" : "00002"
            }
          }
        }
      }
    }
  }
}
