{
  "amheader" : {
    "ChannelID" : "ESB",
    "ServiceDomain" : "Loan",
    "OperationName" : "LoanAcctOpn",
    "ConsumerID" : "TWESB",
    "TransactionID" : "T1222222",
    "RqTimestamp" : "2015-12-06T12:01:01.00+08:00",
    "RsTimestamp" : "2015-12-06T12:01:10.00+08:00"
  },
  "ambody" : {
    "LoanAcctOpnRs" : {
      "ServiceHeader" : {
        "TxnId" : "LO07",
        "TxnNo" : "LO0700001"
      },
      "Signon" : {
        "CustId" : "ESBUSER"
      },
      "ServiceBody" : {
        "RtrnStatCode" : [ {
          "RtrnCode" : "200",
          "RtrnDesc" : "200{success}"
        } ],
        "HeaderInfo" : {
          "Id" : "AAACT19337LLMBKL0P"
        },
        "LoanAcctInfo" : {
          "ArrngId" : "AA19337J71M5",
          "ProdName" : "AL.TERM.LN",
          "Ccy" : "TWD",
          "IPAddr" : "IP 172.100.10.22",
          "APIKey" : "NCB-IF05003",
          "Chan" : "CCS"
        }
      }
    }
  }
}
