{
  "amheader" : {
    "ChannelID" : "ESB",
    "ServiceDomain" : "Loan",
    "OperationName" : "TermRateTblInq",
    "ConsumerID" : "TWESB",
    "TransactionID" : "T1222222",
    "RqTimestamp" : "2015-12-06T12:01:01.00+08:00",
    "RsTimestamp" : "2015-12-06T12:01:10.00+08:00"
  },
  "ambody" : {
    "TermRateTblInqRs" : {
      "ServiceHeader" : {
        "TxnId" : "LO25",
        "TxnNo" : "LO2500001"
      },
      "Signon" : {
        "CustId" : "ESBUSER"
      },
      "ServiceBody" : {
        "RtrnStatCode" : [ {
          "RtrnCode" : "200"
          "RtrnDesc" : "200{200}"
        } ],
        "PageInfo" : {
          "PageSize" : 10,
          "PageStart" : 0,
          "NoOfRec" : 99,
          "PageToken" : "201904170622107608.01"
        },
        "Audit" : {
        },
        "TermRateTblRec" : [ {
          "AcctNo" : "84910000000116",
          "AcctTtl1" : "Debit Card Account",
          "LmtRefNo" : "1000000170.0008600.01"
        } ]
      }
    }
  }
}
