{
  "amheader" : {
    "ChannelID" : "ESB",
    "ServiceDomain" : "Loan",
    "OperationName" : "LoanMtrtyDateRateMod",
    "ConsumerID" : "TWESB",
    "TransactionID" : "T1222222",
    "RqTimestamp" : "2015-12-06T12:01:01.00+08:00",
    "RsTimestamp" : "2015-12-06T12:01:10.00+08:00"
  },
  "ambody" : {
    "LoanMtrtyDateRateModRs" : {
      "ServiceHeader" : {
        "TxnId" : "LO27",
        "TxnNo" : "LO2700001"
      },
      "Signon" : {
        "CustId" : "ESBUSER"
      },
      "ServiceBody" : {
        "RtrnStatCode" : [ {
          "RtrnCode" : "200",
          "RtrnDesc" : "200{success}"
        } ],
        "HeaderInfo" : {
          "Id" : "AAACT19337LLMBKL0P"
        },
        "LoanAcctInfo" : {
          "ArrngId" : "AA19337J71M5",
          "ProdName" : "AL.TERM.LN",
          "Ccy" : "TWD",
          "TxnType" : "LENDING-CHANGE.MATURITYDATE-ARRANGEMENT",
          "EffDate" : "20200504",
          "IPAddr" : "IP 172.100.10.22",
          "APIKey" : "IF05007",
          "Chan" : "CCS"
        }
      }
    }
  }
}
