<?xml version="1.0" encoding="utf-8"?>

<soap:Envelope xmlns:soap="http://www.w3.org/2003/05/soap-envelope" xmlns:v1="http://www.iisigroup.com/magiclamp/common/soapenv.xsd/v1" xmlns:v11="http://www.nextbank.com.tw/xsd/TW/eStatement/eStmtDtlsInqRs/v1">  
  <soap:Header> 
    <v1:Header v1:mustUnderstand="true"> 
      <ChannelID>ESB</ChannelID>  
      <ServiceDomain>eStatement</ServiceDomain>  
      <OperationName>eStmtDtlsInq</OperationName>  
      <ConsumerID>TWESB</ConsumerID>  
      <TransactionID>T1222222</TransactionID>  
      <RqTimestamp>2015-12-06T12:01:01.00+08:00</RqTimestamp>  
      <!--Optional:-->  
      <RsTimestamp>2015-12-06T12:01:10.00+08:00</RsTimestamp> 
    </v1:Header> 
  </soap:Header>  
  <soap:Body> 
    <v11:eStmtDtlsInqRs> 
      <v11:ServiceHeader> 
        <v11:TxnId>ES05</v11:TxnId>  
        <v11:TxnNo>ES0500001</v11:TxnNo> 
      </v11:ServiceHeader>  
      <v11:Signon> 
        <v11:CustId>ESBUSER</v11:CustId> 
      </v11:Signon>  
      <v11:ServiceBody> 
        <v11:RtrnCode>0000</v11:RtrnCode>  
        <!--Optional:-->  
        <v11:RtrnDesc>200 {0000}</v11:RtrnDesc>  
        <!--Optional:-->  
        <v11:StmtRec> 
          <!--Optional:-->  
          <v11:CustPermId>A123456789</v11:CustPermId>  
          <!--Optional:-->  
          <v11:CustName>TryWang</v11:CustName>  
          <!--Optional:-->  
          <v11:MobNo>0912345678</v11:MobNo> 
        </v11:StmtRec> 
      </v11:ServiceBody> 
    </v11:eStmtDtlsInqRs> 
  </soap:Body> 
</soap:Envelope>
